reaction_id,gr,gr_ratio
DM_4CRSOL,0,0
DM_5DRIB,0,0
DM_AACALD,0.477718,1
DM_AMOB,0,0
DM_MTHTHF,0,0
DM_OXAM,0.477718,1
Ec_biomass_iJO1366_WT_53p95M,0,0
Ec_biomass_iJO1366_core_53p95M,0.477718,1
EX_12ppd_DASH_R_LPAREN_e_RPAREN_,0.477718,1
EX_12ppd_DASH_S_LPAREN_e_RPAREN_,0.477718,1
EX_14glucan_LPAREN_e_RPAREN_,0.477718,1
EX_15dap_LPAREN_e_RPAREN_,0.477718,1
EX_23camp_LPAREN_e_RPAREN_,0.477718,1
EX_23ccmp_LPAREN_e_RPAREN_,0.477718,1
EX_23cgmp_LPAREN_e_RPAREN_,0.477718,1
EX_23cump_LPAREN_e_RPAREN_,0.477718,1
EX_23dappa_LPAREN_e_RPAREN_,0.477718,1
EX_26dap_DASH_M_LPAREN_e_RPAREN_,0.477718,1
EX_2ddglcn_LPAREN_e_RPAREN_,0.477718,1
EX_34dhpac_LPAREN_e_RPAREN_,0.477718,1
EX_3amp_LPAREN_e_RPAREN_,0.477718,1
EX_3cmp_LPAREN_e_RPAREN_,0.477718,1
EX_3gmp_LPAREN_e_RPAREN_,0.477718,1
EX_3hcinnm_LPAREN_e_RPAREN_,0.477718,1
EX_3hpp_LPAREN_e_RPAREN_,0.477718,1
EX_3hpppn_LPAREN_e_RPAREN_,0.477718,1
EX_3ump_LPAREN_e_RPAREN_,0.477718,1
EX_4abut_LPAREN_e_RPAREN_,0.477718,1
EX_4hoxpacd_LPAREN_e_RPAREN_,0.477718,1
EX_5dglcn_LPAREN_e_RPAREN_,0.477718,1
EX_5mtr_LPAREN_e_RPAREN_,0,0
EX_LalaDglu_LPAREN_e_RPAREN_,0.477718,1
EX_LalaDgluMdap_LPAREN_e_RPAREN_,0.477718,1
EX_LalaDgluMdapDala_LPAREN_e_RPAREN_,0.477718,1
EX_LalaLglu_LPAREN_e_RPAREN_,0.477718,1
EX_ac_LPAREN_e_RPAREN_,0.395632,0.828171
EX_acac_LPAREN_e_RPAREN_,0.477718,1
EX_acald_LPAREN_e_RPAREN_,0.477718,1
EX_acgal_LPAREN_e_RPAREN_,0.477718,1
EX_acgal1p_LPAREN_e_RPAREN_,0.477718,1
EX_acgam_LPAREN_e_RPAREN_,0.477718,1
EX_acgam1p_LPAREN_e_RPAREN_,0.477718,1
EX_acmana_LPAREN_e_RPAREN_,0.477718,1
EX_acmum_LPAREN_e_RPAREN_,0.477718,1
EX_acnam_LPAREN_e_RPAREN_,0.477718,1
EX_acolipa_LPAREN_e_RPAREN_,0.477718,1
EX_acser_LPAREN_e_RPAREN_,0.477718,1
EX_ade_LPAREN_e_RPAREN_,0.477718,1
EX_adn_LPAREN_e_RPAREN_,0.477718,1
EX_adocbl_LPAREN_e_RPAREN_,0.477718,1
EX_ag_LPAREN_e_RPAREN_,0.477718,1
EX_agm_LPAREN_e_RPAREN_,0.477718,1
EX_akg_LPAREN_e_RPAREN_,0.477718,1
EX_ala_DASH_B_LPAREN_e_RPAREN_,0.477718,1
EX_ala_DASH_D_LPAREN_e_RPAREN_,0.477718,1
EX_ala_DASH_L_LPAREN_e_RPAREN_,0.477718,1
EX_alaala_LPAREN_e_RPAREN_,0.477718,1
EX_all_DASH_D_LPAREN_e_RPAREN_,0.477718,1
EX_alltn_LPAREN_e_RPAREN_,0.477718,1
EX_amp_LPAREN_e_RPAREN_,0.477718,1
EX_anhgm_LPAREN_e_RPAREN_,0.477718,1
EX_arab_DASH_L_LPAREN_e_RPAREN_,0.477718,1
EX_arbt_LPAREN_e_RPAREN_,0.477718,1
EX_arbtn_LPAREN_e_RPAREN_,0.477718,1
EX_arbtn_DASH_fe3_LPAREN_e_RPAREN_,0.477718,1
EX_arg_DASH_L_LPAREN_e_RPAREN_,0.477718,1
EX_ascb_DASH_L_LPAREN_e_RPAREN_,0.477718,1
EX_asn_DASH_L_LPAREN_e_RPAREN_,0.477718,1
EX_aso3_LPAREN_e_RPAREN_,0.477718,1
EX_asp_DASH_L_LPAREN_e_RPAREN_,0.477718,1
EX_btn_LPAREN_e_RPAREN_,0.477718,1
EX_but_LPAREN_e_RPAREN_,0.477718,1
EX_butso3_LPAREN_e_RPAREN_,0.477718,1
EX_ca2_LPAREN_e_RPAREN_,0,0
EX_cbi_LPAREN_e_RPAREN_,0.477718,1
EX_cbl1_LPAREN_e_RPAREN_,0,0
EX_cd2_LPAREN_e_RPAREN_,0.477718,1
EX_cgly_LPAREN_e_RPAREN_,0.477718,1
EX_chol_LPAREN_e_RPAREN_,0.477718,1
EX_chtbs_LPAREN_e_RPAREN_,0.477718,1
EX_cit_LPAREN_e_RPAREN_,0.477718,1
EX_cl_LPAREN_e_RPAREN_,0,0
EX_cm_LPAREN_e_RPAREN_,0.477718,1
EX_cmp_LPAREN_e_RPAREN_,0.477718,1
EX_co2_LPAREN_e_RPAREN_,0.477263,0.999048
EX_cobalt2_LPAREN_e_RPAREN_,0,0
EX_colipa_LPAREN_e_RPAREN_,0.477718,1
EX_colipap_LPAREN_e_RPAREN_,0.477718,1
EX_cpgn_LPAREN_e_RPAREN_,0.477718,1
EX_cpgn_DASH_un_LPAREN_e_RPAREN_,0.477718,1
EX_crn_LPAREN_e_RPAREN_,0.477718,1
EX_crn_DASH_D_LPAREN_e_RPAREN_,0.477718,1
EX_csn_LPAREN_e_RPAREN_,0.477718,1
EX_cu_LPAREN_e_RPAREN_,0.477718,1
EX_cu2_LPAREN_e_RPAREN_,0,0
EX_cyan_LPAREN_e_RPAREN_,0.477718,1
EX_cynt_LPAREN_e_RPAREN_,0.477718,1
EX_cys_DASH_D_LPAREN_e_RPAREN_,0.477718,1
EX_cys_DASH_L_LPAREN_e_RPAREN_,0.477718,1
EX_cytd_LPAREN_e_RPAREN_,0.477718,1
EX_dad_DASH_2_LPAREN_e_RPAREN_,0.477718,1
EX_damp_LPAREN_e_RPAREN_,0.477718,1
EX_dca_LPAREN_e_RPAREN_,0.477718,1
EX_dcmp_LPAREN_e_RPAREN_,0.477718,1
EX_dcyt_LPAREN_e_RPAREN_,0.477718,1
EX_ddca_LPAREN_e_RPAREN_,0.477718,1
EX_dgmp_LPAREN_e_RPAREN_,0.477718,1
EX_dgsn_LPAREN_e_RPAREN_,0.477718,1
EX_dha_LPAREN_e_RPAREN_,0.477718,1
EX_dimp_LPAREN_e_RPAREN_,0.477718,1
EX_din_LPAREN_e_RPAREN_,0.477718,1
EX_dms_LPAREN_e_RPAREN_,0.477718,1
EX_dmso_LPAREN_e_RPAREN_,0.477718,1
EX_dopa_LPAREN_e_RPAREN_,0.477718,1
EX_doxrbcn_LPAREN_e_RPAREN_,0.477718,1
EX_dtmp_LPAREN_e_RPAREN_,0.477718,1
EX_dump_LPAREN_e_RPAREN_,0.477718,1
EX_duri_LPAREN_e_RPAREN_,0.477718,1
EX_eca4colipa_LPAREN_e_RPAREN_,0.477718,1
EX_enlipa_LPAREN_e_RPAREN_,0.477718,1
EX_enter_LPAREN_e_RPAREN_,0.477718,1
EX_etha_LPAREN_e_RPAREN_,0.477718,1
EX_ethso3_LPAREN_e_RPAREN_,0.477718,1
EX_etoh_LPAREN_e_RPAREN_,0.392387,0.821378
EX_f6p_LPAREN_e_RPAREN_,0.477718,1
EX_fald_LPAREN_e_RPAREN_,0.477718,1
EX_fe2_LPAREN_e_RPAREN_,0.477675,0.99991
EX_fe3_LPAREN_e_RPAREN_,0,0
EX_fe3dcit_LPAREN_e_RPAREN_,0.477718,1
EX_fe3dhbzs_LPAREN_e_RPAREN_,0.477718,1
EX_fe3hox_LPAREN_e_RPAREN_,0.477718,1
EX_fe3hox_DASH_un_LPAREN_e_RPAREN_,0.477718,1
EX_fecrm_LPAREN_e_RPAREN_,0.477718,1
EX_fecrm_DASH_un_LPAREN_e_RPAREN_,0.477718,1
EX_feenter_LPAREN_e_RPAREN_,0.477718,1
EX_feoxam_LPAREN_e_RPAREN_,0.477718,1
EX_feoxam_DASH_un_LPAREN_e_RPAREN_,0.477718,1
EX_for_LPAREN_e_RPAREN_,0.383803,0.803409
EX_fru_LPAREN_e_RPAREN_,0.477718,1
EX_frulys_LPAREN_e_RPAREN_,0.477718,1
EX_fruur_LPAREN_e_RPAREN_,0.477718,1
EX_fuc_DASH_L_LPAREN_e_RPAREN_,0.477718,1
EX_fum_LPAREN_e_RPAREN_,0.477718,1
EX_fusa_LPAREN_e_RPAREN_,0.477718,1
EX_g1p_LPAREN_e_RPAREN_,0.477718,1
EX_g3pc_LPAREN_e_RPAREN_,0.477718,1
EX_g3pe_LPAREN_e_RPAREN_,0.477718,1
EX_g3pg_LPAREN_e_RPAREN_,0.477718,1
EX_g3pi_LPAREN_e_RPAREN_,0.477718,1
EX_g3ps_LPAREN_e_RPAREN_,0.477718,1
EX_g6p_LPAREN_e_RPAREN_,0.477718,1
EX_gal_LPAREN_e_RPAREN_,0.477718,1
EX_gal_DASH_bD_LPAREN_e_RPAREN_,0.477718,1
EX_gal1p_LPAREN_e_RPAREN_,0.477718,1
EX_galct_DASH_D_LPAREN_e_RPAREN_,0.477718,1
EX_galctn_DASH_D_LPAREN_e_RPAREN_,0.477718,1
EX_galctn_DASH_L_LPAREN_e_RPAREN_,0.477718,1
EX_galt_LPAREN_e_RPAREN_,0.477718,1
EX_galur_LPAREN_e_RPAREN_,0.477718,1
EX_gam_LPAREN_e_RPAREN_,0.477718,1
EX_gam6p_LPAREN_e_RPAREN_,0.477718,1
EX_gbbtn_LPAREN_e_RPAREN_,0.477718,1
EX_gdp_LPAREN_e_RPAREN_,0.477718,1
EX_glc_LPAREN_e_RPAREN_,-0.0522605,-0.109396
EX_glcn_LPAREN_e_RPAREN_,0.477718,1
EX_glcr_LPAREN_e_RPAREN_,0.477718,1
EX_glcur_LPAREN_e_RPAREN_,0.477718,1
EX_glcur1p_LPAREN_e_RPAREN_,0.477718,1
EX_gln_DASH_L_LPAREN_e_RPAREN_,0.477718,1
EX_glu_DASH_L_LPAREN_e_RPAREN_,0.477718,1
EX_gly_LPAREN_e_RPAREN_,0.477718,1
EX_glyald_LPAREN_e_RPAREN_,0.477718,1
EX_glyb_LPAREN_e_RPAREN_,0.477718,1
EX_glyc_LPAREN_e_RPAREN_,0.477718,1
EX_glyc_DASH_R_LPAREN_e_RPAREN_,0.477718,1
EX_glyc2p_LPAREN_e_RPAREN_,0.477718,1
EX_glyc3p_LPAREN_e_RPAREN_,0.477718,1
EX_glyclt_LPAREN_e_RPAREN_,0.477711,0.999985
EX_gmp_LPAREN_e_RPAREN_,0.477718,1
EX_gsn_LPAREN_e_RPAREN_,0.477718,1
EX_gthox_LPAREN_e_RPAREN_,0.477718,1
EX_gthrd_LPAREN_e_RPAREN_,0.477718,1
EX_gtp_LPAREN_e_RPAREN_,0.477718,1
EX_gua_LPAREN_e_RPAREN_,0.477718,1
EX_h_LPAREN_e_RPAREN_,0.328319,0.687265
EX_h2_LPAREN_e_RPAREN_,0.477718,1
EX_h2o_LPAREN_e_RPAREN_,0.461259,0.965547
EX_h2o2_LPAREN_e_RPAREN_,0.477718,1
EX_h2s_LPAREN_e_RPAREN_,0.477718,1
EX_hacolipa_LPAREN_e_RPAREN_,0.477718,1
EX_halipa_LPAREN_e_RPAREN_,0.477718,1
EX_hdca_LPAREN_e_RPAREN_,0.477718,1
EX_hdcea_LPAREN_e_RPAREN_,0.477718,1
EX_hg2_LPAREN_e_RPAREN_,0.477718,1
EX_his_DASH_L_LPAREN_e_RPAREN_,0.477718,1
EX_hom_DASH_L_LPAREN_e_RPAREN_,0.477718,1
EX_hxa_LPAREN_e_RPAREN_,0.477718,1
EX_hxan_LPAREN_e_RPAREN_,0.477718,1
EX_idon_DASH_L_LPAREN_e_RPAREN_,0.477718,1
EX_ile_DASH_L_LPAREN_e_RPAREN_,0.477718,1
EX_imp_LPAREN_e_RPAREN_,0.477718,1
EX_indole_LPAREN_e_RPAREN_,0.477718,1
EX_inost_LPAREN_e_RPAREN_,0.477718,1
EX_ins_LPAREN_e_RPAREN_,0.477718,1
EX_isetac_LPAREN_e_RPAREN_,0.477718,1
EX_k_LPAREN_e_RPAREN_,0,0
EX_kdo2lipid4_LPAREN_e_RPAREN_,0.477718,1
EX_lac_DASH_D_LPAREN_e_RPAREN_,0.477718,1
EX_lac_DASH_L_LPAREN_e_RPAREN_,0.477718,1
EX_lcts_LPAREN_e_RPAREN_,0.477718,1
EX_leu_DASH_L_LPAREN_e_RPAREN_,0.477718,1
EX_lipa_LPAREN_e_RPAREN_,0.477718,1
EX_lipa_cold_LPAREN_e_RPAREN_,0.477718,1
EX_lipoate_LPAREN_e_RPAREN_,0.477718,1
EX_lys_DASH_L_LPAREN_e_RPAREN_,0.477718,1
EX_lyx_DASH_L_LPAREN_e_RPAREN_,0.477718,1
EX_mal_DASH_D_LPAREN_e_RPAREN_,0.477718,1
EX_mal_DASH_L_LPAREN_e_RPAREN_,0.477718,1
EX_malt_LPAREN_e_RPAREN_,0.477718,1
EX_malthx_LPAREN_e_RPAREN_,0.477718,1
EX_maltpt_LPAREN_e_RPAREN_,0.477718,1
EX_malttr_LPAREN_e_RPAREN_,0.477718,1
EX_maltttr_LPAREN_e_RPAREN_,0.477718,1
EX_man_LPAREN_e_RPAREN_,0.477718,1
EX_man6p_LPAREN_e_RPAREN_,0.477718,1
EX_manglyc_LPAREN_e_RPAREN_,0.477718,1
EX_melib_LPAREN_e_RPAREN_,0.477718,1
EX_meoh_LPAREN_e_RPAREN_,0,0
EX_met_DASH_D_LPAREN_e_RPAREN_,0.477718,1
EX_met_DASH_L_LPAREN_e_RPAREN_,0.477718,1
EX_metsox_DASH_R_DASH_L_LPAREN_e_RPAREN_,0.477718,1
EX_metsox_DASH_S_DASH_L_LPAREN_e_RPAREN_,0.477718,1
EX_mg2_LPAREN_e_RPAREN_,0,0
EX_mincyc_LPAREN_e_RPAREN_,0.477718,1
EX_minohp_LPAREN_e_RPAREN_,0.477718,1
EX_mmet_LPAREN_e_RPAREN_,0.477718,1
EX_mn2_LPAREN_e_RPAREN_,0,0
EX_mnl_LPAREN_e_RPAREN_,0.477718,1
EX_mobd_LPAREN_e_RPAREN_,0,0
EX_mso3_LPAREN_e_RPAREN_,0.477718,1
EX_n2o_LPAREN_e_RPAREN_,0.477718,1
EX_na1_LPAREN_e_RPAREN_,0.477718,1
EX_nac_LPAREN_e_RPAREN_,0.477718,1
EX_nh4_LPAREN_e_RPAREN_,0,0
EX_ni2_LPAREN_e_RPAREN_,0,0
EX_nmn_LPAREN_e_RPAREN_,0.477718,1
EX_no_LPAREN_e_RPAREN_,0.477718,1
EX_no2_LPAREN_e_RPAREN_,0.477718,1
EX_no3_LPAREN_e_RPAREN_,0.477718,1
EX_novbcn_LPAREN_e_RPAREN_,0.477718,1
EX_o16a4colipa_LPAREN_e_RPAREN_,0.477718,1
EX_o2_LPAREN_e_RPAREN_,0.477718,1
EX_o2s_LPAREN_e_RPAREN_,0.477718,1
EX_ocdca_LPAREN_e_RPAREN_,0.477718,1
EX_ocdcea_LPAREN_e_RPAREN_,0.477718,1
EX_octa_LPAREN_e_RPAREN_,0.477718,1
EX_orn_LPAREN_e_RPAREN_,0.477718,1
EX_orot_LPAREN_e_RPAREN_,0.477718,1
EX_pacald_LPAREN_e_RPAREN_,0.477718,1
EX_peamn_LPAREN_e_RPAREN_,0.477718,1
EX_phe_DASH_L_LPAREN_e_RPAREN_,0.477718,1
EX_pheme_LPAREN_e_RPAREN_,0.477718,1
EX_pi_LPAREN_e_RPAREN_,4.21E-14,8.82E-14
EX_pnto_DASH_R_LPAREN_e_RPAREN_,0.477718,1
EX_ppa_LPAREN_e_RPAREN_,0.477718,1
EX_ppal_LPAREN_e_RPAREN_,0.477718,1
EX_pppn_LPAREN_e_RPAREN_,0.477718,1
EX_ppt_LPAREN_e_RPAREN_,0.477718,1
EX_pro_DASH_L_LPAREN_e_RPAREN_,0.477718,1
EX_progly_LPAREN_e_RPAREN_,0.477718,1
EX_psclys_LPAREN_e_RPAREN_,0.477718,1
EX_pser_DASH_L_LPAREN_e_RPAREN_,0.477718,1
EX_ptrc_LPAREN_e_RPAREN_,0.477718,1
EX_pydam_LPAREN_e_RPAREN_,0.477718,1
EX_pydx_LPAREN_e_RPAREN_,0.477718,1
EX_pydxn_LPAREN_e_RPAREN_,0.477718,1
EX_pyr_LPAREN_e_RPAREN_,0.477718,1
EX_quin_LPAREN_e_RPAREN_,0.477718,1
EX_r5p_LPAREN_e_RPAREN_,0.477718,1
EX_rfamp_LPAREN_e_RPAREN_,0.477718,1
EX_rib_DASH_D_LPAREN_e_RPAREN_,0.477718,1
EX_rmn_LPAREN_e_RPAREN_,0.477718,1
EX_sbt_DASH_D_LPAREN_e_RPAREN_,0.477718,1
EX_sel_LPAREN_e_RPAREN_,0.477718,1
EX_ser_DASH_D_LPAREN_e_RPAREN_,0.477718,1
EX_ser_DASH_L_LPAREN_e_RPAREN_,0.477718,1
EX_skm_LPAREN_e_RPAREN_,0.477718,1
EX_slnt_LPAREN_e_RPAREN_,0.477718,1
EX_so2_LPAREN_e_RPAREN_,0.477718,1
EX_so3_LPAREN_e_RPAREN_,0.477718,1
EX_so4_LPAREN_e_RPAREN_,0,0
EX_spmd_LPAREN_e_RPAREN_,0.477718,1
EX_succ_LPAREN_e_RPAREN_,0,0
EX_sucr_LPAREN_e_RPAREN_,0.477718,1
EX_sulfac_LPAREN_e_RPAREN_,0.477718,1
EX_tartr_DASH_D_LPAREN_e_RPAREN_,0.477718,1
EX_tartr_DASH_L_LPAREN_e_RPAREN_,0.477718,1
EX_taur_LPAREN_e_RPAREN_,0.477718,1
EX_tcynt_LPAREN_e_RPAREN_,0.477718,1
EX_thm_LPAREN_e_RPAREN_,0.477718,1
EX_thr_DASH_L_LPAREN_e_RPAREN_,0.477718,1
EX_thrp_LPAREN_e_RPAREN_,0.477718,1
EX_thym_LPAREN_e_RPAREN_,0.477718,1
EX_thymd_LPAREN_e_RPAREN_,0.477718,1
EX_tma_LPAREN_e_RPAREN_,0.477718,1
EX_tmao_LPAREN_e_RPAREN_,0.477718,1
EX_tre_LPAREN_e_RPAREN_,0.477718,1
EX_trp_DASH_L_LPAREN_e_RPAREN_,0.477718,1
EX_tsul_LPAREN_e_RPAREN_,0.477718,1
EX_ttdca_LPAREN_e_RPAREN_,0.477718,1
EX_ttdcea_LPAREN_e_RPAREN_,0.477718,1
EX_ttrcyc_LPAREN_e_RPAREN_,0.477718,1
EX_tungs_LPAREN_e_RPAREN_,0.477718,1
EX_tym_LPAREN_e_RPAREN_,0.477718,1
EX_tyr_DASH_L_LPAREN_e_RPAREN_,0.477718,1
EX_tyrp_LPAREN_e_RPAREN_,0.477718,1
EX_uacgam_LPAREN_e_RPAREN_,0.477718,1
EX_udpacgal_LPAREN_e_RPAREN_,0.477718,1
EX_udpg_LPAREN_e_RPAREN_,0.477718,1
EX_udpgal_LPAREN_e_RPAREN_,0.477718,1
EX_udpglcur_LPAREN_e_RPAREN_,0.477718,1
EX_ump_LPAREN_e_RPAREN_,0.477718,1
EX_ura_LPAREN_e_RPAREN_,0.477718,1
EX_urea_LPAREN_e_RPAREN_,0.477718,1
EX_uri_LPAREN_e_RPAREN_,0.477718,1
EX_val_DASH_L_LPAREN_e_RPAREN_,0.477718,1
EX_xan_LPAREN_e_RPAREN_,0.477718,1
EX_xmp_LPAREN_e_RPAREN_,0.477718,1
EX_xtsn_LPAREN_e_RPAREN_,0.477718,1
EX_xyl_DASH_D_LPAREN_e_RPAREN_,0.477718,1
EX_xylu_DASH_L_LPAREN_e_RPAREN_,0.477718,1
EX_zn2_LPAREN_e_RPAREN_,0,0
12DGR120tipp,0.477718,1
12DGR140tipp,0.477718,1
12DGR141tipp,0.477718,1
12DGR160tipp,0.477718,1
12DGR161tipp,0.477718,1
12DGR180tipp,0.477718,1
12DGR181tipp,0.477718,1
12PPDRtex,0.477718,1
12PPDRtpp,0.477718,1
12PPDStex,0.477718,1
12PPDStpp,0.477718,1
14GLUCANabcpp,0.477718,1
14GLUCANtexi,0.477718,1
23CAMPtex,0.477718,1
23CCMPtex,0.477718,1
23CGMPtex,0.477718,1
23CUMPtex,0.477718,1
23DAPPAt2pp,0.477718,1
23DAPPAtex,0.477718,1
23PDE2pp,0.477718,1
23PDE4pp,0.477718,1
23PDE7pp,0.477718,1
23PDE9pp,0.477718,1
26DAHtex,0.477718,1
2AGPA120tipp,0.477718,1
2AGPA140tipp,0.477718,1
2AGPA141tipp,0.477718,1
2AGPA160tipp,0.477718,1
2AGPA161tipp,0.477718,1
2AGPA180tipp,0.477718,1
2AGPA181tipp,0.477718,1
2AGPE120tipp,0.477718,1
2AGPE140tipp,0.477718,1
2AGPE141tipp,0.477718,1
2AGPE160tipp,0.477718,1
2AGPE161tipp,0.477718,1
2AGPE180tipp,0.477718,1
2AGPE181tipp,0.477718,1
2AGPEAT120,0.477718,1
2AGPEAT140,0.477718,1
2AGPEAT141,0.477718,1
2AGPEAT160,0.477718,1
2AGPEAT161,0.477718,1
2AGPEAT180,0.477718,1
2AGPEAT181,0.477718,1
2AGPG120tipp,0.477718,1
2AGPG140tipp,0.477718,1
2AGPG141tipp,0.477718,1
2AGPG160tipp,0.477718,1
2AGPG161tipp,0.477718,1
2AGPG180tipp,0.477718,1
2AGPG181tipp,0.477718,1
2AGPGAT120,0.477718,1
2AGPGAT140,0.477718,1
2AGPGAT141,0.477718,1
2AGPGAT160,0.477718,1
2AGPGAT161,0.477718,1
2AGPGAT180,0.477718,1
2AGPGAT181,0.477718,1
2DGULRGx,0.477718,1
2DGULRGy,0.477718,1
2DGULRx,0.477718,1
2DGULRy,0.477718,1
2MAHMP,0.477718,1
34dhpactex,0.477718,1
3AMACHYD,0.477718,1
3AMPtex,0.477718,1
3CMPtex,0.477718,1
3GMPtex,0.477718,1
3HAD100,0.477718,1
3HAD120,0.477718,1
3HAD121,0.477718,1
3HAD140,0.477718,1
3HAD141,0.477718,1
3HAD160,0.477718,1
3HAD161,0.477718,1
3HAD180,0.477718,1
3HAD181,0.477718,1
3HAD40,0.477718,1
3HAD60,0.477718,1
3HAD80,0.477718,1
3HCINNMH,0.477718,1
3HPPPNH,0.477718,1
3HPPtex,0.477718,1
3HPPtpp,0.477718,1
3KGK,0.477718,1
3NTD2pp,0.477718,1
3NTD4pp,0.477718,1
3NTD7pp,0.477718,1
3NTD9pp,0.477718,1
3OAR100,0.477718,1
3OAR120,0.477718,1
3OAR121,0.477718,1
3OAR140,0,0
3OAR141,0.477718,1
3OAR160,0.477718,1
3OAR161,0.477718,1
3OAR180,0.477718,1
3OAR181,0.477718,1
3OAR40,0.477718,1
3OAR60,0.477718,1
3OAR80,0.477718,1
3OAS100,0.477718,1
3OAS120,0.477718,1
3OAS121,0.477718,1
3OAS140,0,0
3OAS141,0.477718,1
3OAS160,0.477718,1
3OAS161,0.477718,1
3OAS180,0.477718,1
3OAS181,0.477718,1
3OAS60,0.477718,1
3OAS80,0.477718,1
3OXCOAT,0.477718,1
3PEPTabcpp,0.477718,1
3PEPTtex,0.477718,1
3UMPtex,0.477718,1
42A12BOOXpp,0.477718,1
4HOXPACDtex,0.477718,1
4HTHRS,0.477718,1
4PCP,0.477718,1
4PCPpp,0.477718,1
4PEPTabcpp,0.477718,1
4PEPTtex,0.477718,1
5DGLCNR,0.477718,1
5DGLCNt2rpp,0.477718,1
5DGLCNtex,0.477718,1
5DOAN,0,0
5MTRtex,0,0
5MTRtpp,0,0
A5PISO,0,0
AACPS1,0.477653,0.999864
AACPS2,0.477718,1
AACPS3,0.476756,0.997986
AACPS4,0.476969,0.998432
AACPS5,0.477332,0.999192
AACPS6,0.477718,1
AACPS7,0.477394,0.999322
AACPS8,0.477718,1
AACPS9,0.477718,1
AACTOOR,0.477718,1
AADDGT,0.477718,1
AAMYL,0.477718,1
AAMYLpp,0.477718,1
AB6PGH,0.477718,1
ABTA,0.477718,1
ABUTD,0.477718,1
ABUTt2pp,0.477718,1
ABUTtex,0.477718,1
ACACCT,0.477718,1
ACACT1r,0.463629,0.970508
ACACT2r,0.463629,0.970508
ACACT3r,0.463629,0.970508
ACACT4r,0.469161,0.982088
ACACT5r,0.471572,0.987135
ACACT6r,0.472657,0.989406
ACACT7r,0.475245,0.994823
ACACT8r,0.477332,0.999192
ACACt2pp,0.477718,1
ACACtex,0.477718,1
ACALD,0.392387,0.821378
ACALDtex,0.477718,1
ACALDtpp,0.477718,1
ACANTHAT,0.477718,1
ACBIPGT,0.477718,1
ACCOAC,0,0
ACCOAL,0.477718,1
ACGAL1PPpp,0.477718,1
ACGAL1Ptex,0.477718,1
ACGALtex,0.477718,1
ACGAM1PPpp,0.477718,1
ACGAM1Ptex,0.477718,1
ACGAMK,0.477718,1
ACGAMT,0.477718,1
ACGAptspp,0.477718,1
ACGAtex,0.477718,1
ACGK,0,0
ACGS,0,0
ACHBS,0,0
ACKr,0.397004,0.831043
ACLS,0,0
ACM6PH,0.477718,1
ACMAMUT,0.477718,1
ACMANAptspp,0.477718,1
ACMANAtex,0.477718,1
ACMUMptspp,4.78E-01,1.00E+00
ACMUMtex,0.477718,1
ACNAMt2pp,0.477718,1
ACNAMtex,0.477718,1
ACNML,0.477718,1
ACOAD1f,0.463629,0.970508
ACOAD2f,0.463629,0.970508
ACOAD3f,0.463629,0.970508
ACOAD4f,0.469161,0.982088
ACOAD5f,0.471572,0.987135
ACOAD6f,0.47423,0.992699
ACOAD7f,0.476372,0.997182
ACOAD8f,0.477718,1
ACOATA,0.477718,1
ACODA,0,0
ACOLIPAabctex,0.477718,1
ACONIs,0.477718,1
ACONMT,0.477718,1
ACONTa,0,0
ACONTb,0,0
ACOTA,0,0
ACPPAT120,0.477718,1
ACPPAT140,0.477718,1
ACPPAT141,0.477718,1
ACPPAT160,0.477718,1
ACPPAT161,0.477718,1
ACPPAT180,0.477718,1
ACPPAT181,0.477718,1
ACPS1,0.477718,1
ACS,0.477718,1
ACSERtex,0.477718,1
ACSERtpp,0.477718,1
ACt2rpp,0.395632,0.828171
ACt4pp,0.477718,1
ACtex,0.395632,0.828171
ADA,0.477718,1
ADCL,0,0
ADCS,0,0
ADD,0.477718,1
ADEt2rpp,0.477718,1
ADEtex,0.477718,1
ADK1,0.477718,1
ADK3,0.477718,1
ADK4,0.477718,1
ADMDC,0,0
ADNCYC,0.477718,1
ADNK1,0.477718,1
ADNUC,0.477718,1
ADNt2pp,0.477718,1
ADNt2rpp,0.477718,1
ADNtex,0.477718,1
ADOCBIK,0.477718,1
ADOCBLS,0.477718,1
ADOCBLabcpp,0.477718,1
ADOCBLtonex,0.477718,1
ADPRDP,0.477718,1
ADPT,0.477718,1
ADSK,0,0
ADSL1r,0,0
ADSL2r,0,0
ADSS,0,0
AGDC,0.477718,1
AGM3PA,0.477718,1
AGM3PApp,0.477718,1
AGM3PH,0.477718,1
AGM3Pt2pp,0.477718,1
AGM4PA,0.477718,1
AGM4PApp,0.477718,1
AGM4PCP,0.477718,1
AGM4PCPpp,0.477718,1
AGM4PH,0.477718,1
AGM4Pt2pp,0.477718,1
AGMH,0.477718,1
AGMHE,0,0
AGMT,0.477718,1
AGMt2pp,0.477718,1
AGMtex,0.477718,1
AGPAT120,0.477718,1
AGPAT140,0.477718,1
AGPAT141,0.477718,1
AGPAT160,0,0
AGPAT161,0,0
AGPAT180,0.477718,1
AGPAT181,0,0
AGPR,0,0
AGt3,0.477718,1
AHCYSNS,0,0
AICART,0,0
AIRC2,0,0
AIRC3,0,0
AKGDH,0.477718,1
AKGt2rpp,0.477718,1
AKGtex,0.477718,1
ALAALAD,0.477718,1
ALAALAabcpp,0.477704,0.999971
ALAALAr,0,0
ALAALAtex,0.477718,1
ALAGLUE,0.477718,1
ALAR,0,0
ALATA_D2,0.477718,1
ALATA_L,0.477718,1
ALATA_L2,0.477718,1
ALATRS,0.477718,1
ALAabcpp,0.477718,1
ALAt2pp,0.477718,1
ALAt2rpp,0.477718,1
ALAt4pp,0.477718,1
ALAtex,0.477718,1
ALCD19,0.477718,1
ALCD2x,0.392387,0.821378
ALDD19xr,0.477718,1
ALDD2x,0.477718,1
ALDD2y,0.477718,1
ALDD3y,0.477718,1
ALDD4,0.477718,1
ALLK,0.477718,1
ALLPI,0.477718,1
ALLTAMH,0.477718,1
ALLTN,0.477718,1
ALLTNt2rpp,0.477718,1
ALLTNtex,0.477718,1
ALLULPE,0.477718,1
ALLabcpp,0.477718,1
ALLtex,0.477718,1
ALPATE160pp,0.477718,1
ALPATG160pp,0.477718,1
ALR2,0.477718,1
ALR4x,0.477718,1
ALTRH,0.477718,1
AM3PA,0.477718,1
AM4PA,0.477718,1
AM4PCP,0.477718,1
AMALT1,0.477718,1
AMALT2,0.477718,1
AMALT3,0.477718,1
AMALT4,0.477718,1
AMANAPEr,0.477718,1
AMANK,0.477718,1
AMAOTr,0,0
AMMQLT8,0,0
AMPMS2,0,0
AMPN,0.477718,1
AMPTASECG,0.477718,1
AMPTASEPG,0.477718,1
AMPtex,0.477718,1
ANHGMtex,0.477718,1
ANHMK,0.477718,1
ANPRT,0,0
ANS,0,0
AOBUTDs,0.477718,1
AOXSr2,0,0
AP4AH,0.477718,1
AP4AS,0.477718,1
AP5AH,0.477718,1
APCS,0.477718,1
APG3PAT120,0.477718,1
APG3PAT140,0.477718,1
APG3PAT141,0.477718,1
APG3PAT160,0.477718,1
APG3PAT161,0.477718,1
APG3PAT180,0.477718,1
APG3PAT181,0.477718,1
APH120,0.477718,1
APH140,0.477718,1
APH141,0.477718,1
APH160,0.477718,1
APH161,0.477718,1
APH180,0.477718,1
APH181,0.477718,1
APPLDHr,0.477718,1
APRAUR,0,0
ARAI,0.477718,1
ARBTNR1,0.477718,1
ARBTNR2,0.477718,1
ARBTNR3,0.477718,1
ARBTNabcpp,0.477718,1
ARBTNexs,0.477718,1
ARBTNtex,0.477718,1
ARBTNtonex,0.477718,1
ARBTNtpp,0.477718,1
ARBTptspp,0.477718,1
ARBTtex,0.477718,1
ARBabcpp,0.477718,1
ARBt2rpp,0.477718,1
ARBt3ipp,0.477718,1
ARBtex,0.477718,1
ARGAGMt7pp,0.477718,1
ARGDC,0.477718,1
ARGDCpp,0.477718,1
ARGORNt7pp,0.477718,1
ARGSL,0,0
ARGSS,0,0
ARGTRS,0.477718,1
ARGabcpp,0.477718,1
ARGt3pp,0.477718,1
ARGtex,0.477718,1
ASAD,0,0
ASCBPL,0.477718,1
ASCBptspp,0.477718,1
ASCBtex,0.477718,1
ASNN,0.477718,1
ASNNpp,0.477718,1
ASNS1,0.477718,1
ASNS2,0.476481,0.997411
ASNTRS,0.477718,1
ASNabcpp,0.477718,1
ASNt2rpp,0.477718,1
ASNtex,0.477718,1
ASO3t8pp,0.477718,1
ASO3tex,0.477718,1
ASP1DC,-3.13E-40,-6.56E-40
ASPCT,0,0
ASPK,0,0
ASPO3,0.477718,1
ASPO4,0.477718,1
ASPO5,0.477718,1
ASPO6,0.4777,0.999962
ASPT,0.477718,1
ASPTA,0,0
ASPTRS,0.477718,1
ASPabcpp,0.477718,1
ASPt2_2pp,0.477718,1
ASPt2_3pp,0.477718,1
ASPt2pp,0.477718,1
ASPt2rpp,0.477718,1
ASPtex,0.477718,1
ASR,0.477718,1
AST,0.477718,1
ATHRDHr,0.477718,1
ATPHs,0.477718,1
ATPM,0.512632,1.07308
ATPPRT,0,0
ATPS4rpp,0.329086,0.688871
BALAt2pp,0.477718,1
BALAtex,0.477718,1
BETALDHx,0.477718,1
BETALDHy,0.477718,1
BMOCOS,0,0
BMOGDS1,0,0
BMOGDS2,0,0
BPNT,0,0
BSORx,0.477718,1
BSORy,0.477718,1
BTNt2ipp,0.477718,1
BTNtex,0.477718,1
BTS5,0,0
BUTCT,0.477718,1
BUTSO3abcpp,0.477718,1
BUTSO3tex,0.477718,1
BUTt2rpp,0.477718,1
BUTtex,0.477718,1
BWCOGDS1,0.477718,1
BWCOGDS2,0.477718,1
BWCOS,0.477718,1
CA2t3pp,0.477718,1
CA2tex,0,0
CADVtpp,0.477718,1
CAT,0.477718,1
CAt6pp,0,0
CBIAT,0.477718,1
CBItonex,0.477718,1
CBIuabcpp,0.477718,1
CBL1abcpp,0,0
CBL1tonex,0,0
CBLAT,0,0
CBMD,0.477718,1
CBMKr,0.471367,0.986706
CBPS,0.477718,1
CCGS,0.477718,1
CD2abcpp,0.477718,1
CD2t3pp,0.477718,1
CD2tex,0.477718,1
CD2tpp,0.477718,1
CDAPPA120,0.477718,1
CDAPPA140,0.477718,1
CDAPPA141,0.477718,1
CDAPPA160,0.477718,1
CDAPPA161,0.477718,1
CDAPPA180,0.477718,1
CDAPPA181,0.477718,1
CDGR,0.477718,1
CDGS,0.477718,1
CDPMEK,0,0
CFAS160E,0.477718,1
CFAS160G,0.477718,1
CFAS180E,0.477718,1
CFAS180G,0.477718,1
CGLYabcpp,0.477718,1
CGLYtex,0.477718,1
CHLabcpp,0.477718,1
CHLt2pp,0.477718,1
CHLtex,0.477718,1
CHOLD,0.477718,1
CHORM,0,0
CHORS,0,0
CHRPL,0,0
CHTBSptspp,0.477718,1
CHTBStex,0.477718,1
CINNDO,0.477718,1
CITL,0.477718,1
CITt3pp,0.477718,1
CITt7pp,0.477718,1
CITtex,0.477718,1
CLIPAabctex,0.477718,1
CLPNH120pp,0.477718,1
CLPNH140pp,0.477718,1
CLPNH141pp,0.477718,1
CLPNH160pp,0.477718,1
CLPNH161pp,0.477718,1
CLPNH180pp,0.477718,1
CLPNH181pp,0.477718,1
CLPNS120pp,0.477718,1
CLPNS140pp,0.477718,1
CLPNS141pp,0.477718,1
CLPNS160pp,0,0
CLPNS161pp,0,0
CLPNS180pp,0.477718,1
CLPNS181pp,0,0
CLt3_2pp,0,0
CLtex,0,0
CMPN,0.477718,1
CMPtex,0.477718,1
CMtex,0.477718,1
CMtpp,0.477718,1
CO2tex,0.477263,0.999048
CO2tpp,0.477263,0.999048
COBALT2abcpp,0.477718,1
COBALT2t3pp,0.477718,1
COBALT2tex,0,0
COBALT2tpp,0,0
COLIPAKpp,0.477718,1
COLIPAPabctex,0.477718,1
COLIPAabcpp,0,0
COLIPAabctex,0,0
CPGNR1,0.477718,1
CPGNR2,0.477718,1
CPGNR3,0.477718,1
CPGNUtex,0.477718,1
CPGNUtpp,0.477718,1
CPGNabcpp,0.477718,1
CPGNexs,0.477718,1
CPGNtonex,0.477718,1
CPH4S,0.477718,1
CPMPS,0,0
CPPPGO,0.477718,1
CPPPGO2,0,0
CRNBTCT,0.477718,1
CRNCAL2,0.477718,1
CRNCAR,0.477718,1
CRNCBCT,0.477718,1
CRNCDH,0.477718,1
CRNDCAL2,0.477718,1
CRNDabcpp,0.477718,1
CRNDt2rpp,0.477718,1
CRNDtex,0.477718,1
CRNabcpp,0.477718,1
CRNt2rpp,0.477718,1
CRNt7pp,0.477718,1
CRNt8pp,0.477718,1
CRNtex,0.477718,1
CS,0,0
CSND,0.477718,1
CSNt2pp,0.477718,1
CSNtex,0.477718,1
CTBTCAL2,0.477718,1
CTBTabcpp,0.477718,1
CTBTt2rpp,0.477718,1
CTECOAI6,0.477718,1
CTECOAI7,0.476969,0.998432
CTECOAI8,0.477332,0.999192
CTPS2,0,0
CU1Opp,0.477718,1
CU1abcpp,0.477718,1
CU2abcpp,0.477718,1
CU2tex,0,0
CU2tpp,0,0
CUt3,0.477718,1
CUtex,0.477718,1
CYANST,0.477718,1
CYANSTpp,0.477718,1
CYANtex,0.477718,1
CYNTAH,0.477718,1
CYNTt2pp,0.477718,1
CYNTtex,0.477718,1
CYSDDS,0.477718,1
CYSDS,0.477718,1
CYSDabcpp,0.477718,1
CYSDtex,0.477718,1
CYSS,0,0
CYSSADS,0.477718,1
CYSTL,0,0
CYSTRS,0.477718,1
CYSabc2pp,0.477718,1
CYSabcpp,0.477718,1
CYStex,0.477718,1
CYStpp,0.477718,1
CYTBD2pp,0.477718,1
CYTBDpp,0.477718,1
CYTBO3_4pp,0.477718,1
CYTD,0.477718,1
CYTDH,0.477718,1
CYTDK2,0.477718,1
CYTDt2pp,0.477718,1
CYTDt2rpp,0.477718,1
CYTDtex,0.477718,1
CYTK1,0.47513,0.994583
CYTK2,0.477718,1
D_DASH_LACt2pp,0.477718,1
D_DASH_LACtex,0.477718,1
DAAD,0.477718,1
DADA,0.477718,1
DADK,0.477718,1
DADNt2pp,0.477718,1
DADNtex,0.477718,1
DAGK120,0.477718,1
DAGK140,0.477718,1
DAGK141,0.477718,1
DAGK160,0.477718,1
DAGK161,0.477718,1
DAGK180,0.477718,1
DAGK181,0.477718,1
DALAt2pp,0.477621,0.999797
DALAtex,0.477718,1
DAMPtex,0.477718,1
DAPAL,0.477718,1
DAPDC,0,0
DAPE,0,0
DAPabcpp,0.477718,1
DAPtex,0.477718,1
DASYN120,0.477718,1
DASYN140,0.477718,1
DASYN141,0.477718,1
DASYN160,0,0
DASYN161,0,0
DASYN180,0.477718,1
DASYN181,0,0
DATPHs,0.477718,1
DB4PS,0,0
DBTS,0,0
DC6PH,0.477718,1
DCAtex,0.477718,1
DCMPtex,0.477718,1
DCTPD,0.477718,1
DCYTD,0.477718,1
DCYTt2pp,0.477718,1
DCYTtex,0.477718,1
DDCAtexi,0.477718,1
DDGALK,0.477718,1
DDGLCNt2rpp,0.477718,1
DDGLCNtex,0.477718,1
DDGLK,0.477718,1
DDPA,0,0
DDPGALA,0.477718,1
DGK1,0.477718,1
DGMPtex,0.477718,1
DGSNt2pp,0.477718,1
DGSNtex,0.477718,1
DHACOAH,0.477718,1
DHAD1,0,0
DHAD2,0,0
DHAPT,4.78E-01,1.00E+00
DHAtex,0.477718,1
DHAtpp,0.477718,1
DHBD,0,0
DHBS,0,0
DHBSH,0.477718,1
DHCIND,0.477718,1
DHCINDO,0.477718,1
DHDPRy,0,0
DHDPS,0,0
DHFR,0,0
DHFS,0,0
DHMPTR,0.477718,1
DHNAOT4,0,0
DHNCOAS,0,0
DHNCOAT,0,0
DHNPA2r,0,0
DHNPTE,0.477718,1
DHORD2,0.477718,1
DHORD5,0.477718,1
DHORDfum,0.477718,1
DHORTS,0,0
DHPPD,0.477718,1
DHPPDA2,0,0
DHPS2,0,0
DHPTDCs2,0,0
DHPTDNR,0.477718,1
DHPTDNRN,0.477718,1
DHPTPE,0.477718,1
DHQS,0,0
DHQTi,0,0
DIMPtex,0.477718,1
DINSt2pp,0.477718,1
DINStex,4.78E-01,1.00E+00
DKGLCNR1,0.477718,1
DKGLCNR2x,4.78E-01,1.00E+00
DKGLCNR2y,0.477718,1
DMATT,0,0
DMPPS,0.477718,1
DMQMT,0,0
DMSOR1,0.477718,1
DMSOR1pp,0.477718,1
DMSOR2,0.477718,1
DMSOR2pp,0.477718,1
DMSOtex,0.477718,1
DMSOtpp,0.477718,1
DMStex,0.477718,1
DNMPPA,0,0
DNTPPA,0,0
DOGULNR,0.477718,1
DOPAtex,0.477718,1
DOXRBCNtex,0.477718,1
DOXRBCNtpp,0.477718,1
DPCOAK,-3.13E-40,-6.56E-40
DPR,-3.13E-40,-6.56E-40
DRPA,0.477718,1
DSBAO1,0.477718,1
DSBAO2,0.477718,1
DSBCGT,0.477718,1
DSBDR,0.477718,1
DSBGGT,0.477718,1
DSERDHr,0.477718,1
DSERt2pp,0.477718,1
DSERtex,0.477718,1
DTARTD,0.477718,1
DTMPK,0,0
DTMPtex,0.477718,1
DUMPtex,0.477718,1
DURADx,0.477718,1
DURIK1,0.477718,1
DURIPP,0.477718,1
DURIt2pp,0.477718,1
DURItex,0.477718,1
DUTPDP,0.477586,0.999724
DXPRIi,0,0
DXPS,0,0
DXYLK,0.477718,1
E4PD,0,0
EAR100x,0.477718,1
EAR100y,0.477718,1
EAR120x,0.477718,1
EAR120y,0.477718,1
EAR121x,0.477718,1
EAR121y,0.477718,1
EAR140x,0.477718,1
EAR140y,0.477718,1
EAR141x,0.477718,1
EAR141y,0.477718,1
EAR160x,0.477718,1
EAR160y,0.477718,1
EAR161x,0.477718,1
EAR161y,0.477718,1
EAR180x,0.477718,1
EAR180y,0.477718,1
EAR181x,0.477718,1
EAR181y,0.477718,1
EAR40x,0.477718,1
EAR40y,0.477718,1
EAR60x,0.477718,1
EAR60y,0.477718,1
EAR80x,0.477718,1
EAR80y,0.477718,1
ECA4COLIPAabctex,0.477718,1
ECA4OALpp,0.477718,1
ECAP1pp,0.477718,1
ECAP2pp,0.477718,1
ECAP3pp,0.477718,1
ECAtpp,0.477718,1
ECOAH1,0.463629,0.970508
ECOAH2,0.463629,0.970508
ECOAH3,0.463629,0.970508
ECOAH4,0.469161,0.982088
ECOAH5,0.471572,0.987135
ECOAH6,0.472657,0.989406
ECOAH7,0.475245,0.994823
ECOAH8,0.477332,0.999192
EDA,0.477718,1
EDD,0.477718,1
EDTXS1,0,0
EDTXS2,0,0
EDTXS3,0.477718,1
EDTXS4,0.477718,1
EGMEACPR,0,0
ENLIPAabctex,0.477718,1
ENO,0.0170851,0.035764
ENTCS,0,0
ENTERES,0.477718,1
ENTERES2,0.477718,1
EPMEACPR,0,0
ETHAAL,0.477718,1
ETHAt2pp,0.477718,1
ETHAtex,0.477718,1
ETHSO3abcpp,0.477718,1
ETHSO3tex,0.477718,1
ETOHtex,0.392387,0.821378
ETOHtrpp,0.392387,0.821378
F6PA,0.477718,1
F6PP,0.477718,1
F6Pt6_2pp,0.477718,1
F6Ptex,0.477718,1
FA100ACPHi,0.477718,1
FA120ACPHi,0.477718,1
FA140ACPHi,0.477718,1
FA141ACPHi,0.477718,1
FA160ACPHi,0.477718,1
FA161ACPHi,0.477718,1
FA80ACPHi,0.477718,1
FACOAE100,0.477718,1
FACOAE120,0.477394,0.999322
FACOAE140,0.477653,0.999864
FACOAE141,0.477718,1
FACOAE160,0.476756,0.997986
FACOAE161,0.476969,0.998432
FACOAE180,0.477718,1
FACOAE181,0.477332,0.999192
FACOAE60,0.477718,1
FACOAE80,0.477718,1
FACOAL100t2pp,0.477718,1
FACOAL120t2pp,0.477718,1
FACOAL140t2pp,0.477718,1
FACOAL141t2pp,0.477718,1
FACOAL160t2pp,0.477718,1
FACOAL161t2pp,0.477718,1
FACOAL180t2pp,0.477718,1
FACOAL181t2pp,0.477718,1
FACOAL60t2pp,0.477718,1
FACOAL80t2pp,0.477718,1
FADRx,0.472457,0.988987
FADRx2,0.477718,1
FALDH2,0.477718,1
FALDtex,0.477718,1
FALDtpp,0.477718,1
FALGTHLs,0.477718,1
FBA,0.477718,1
FBA3,0.477718,1
FBP,0.477718,1
FCI,0.477718,1
FCLK,0.477718,1
FCLPA,0.477718,1
FCLT,0,0
FDH4pp,0.477718,1
FDH5pp,0.477718,1
FDMO,0.477718,1
FDMO2,0.477718,1
FDMO3,0.477718,1
FDMO4,0.477718,1
FDMO6,0.477718,1
FE2abcpp,0.477718,1
FE2t2pp,0.477718,1
FE2t3pp,0.477718,1
FE2tex,4.78E-01,1.00E+00
FE2tpp,0.477707,0.999977
FE3DCITabcpp,0.477718,1
FE3DCITtonex,0.477718,1
FE3DHBZR,0.477718,1
FE3DHBZSabcpp,0.477718,1
FE3DHBZStonex,0.477718,1
FE3HOXR1,0.477718,1
FE3HOXR2,0.477718,1
FE3HOXR3,0.477718,1
FE3HOXUtex,0.477718,1
FE3HOXUtpp,0.477718,1
FE3HOXabcpp,0.477718,1
FE3HOXexs,0.477718,1
FE3HOXtonex,0.477718,1
FE3Ri,0.477718,1
FE3abcpp,0.477452,0.999443
FE3tex,0.477452,0.999443
FECRMR1,0.477718,1
FECRMR2,0.477718,1
FECRMR3,0.477718,1
FECRMUtex,0.477718,1
FECRMUtpp,0.477718,1
FECRMabcpp,0.477718,1
FECRMexs,0.477718,1
FECRMtonex,0.477718,1
FEENTERR1,0.477718,1
FEENTERR2,0.477718,1
FEENTERR3,0.477718,1
FEENTERabcpp,0.477718,1
FEENTERexs,0.477718,1
FEENTERtex,0.477718,1
FEENTERtonex,0.477718,1
FEENTERtpp,0.477718,1
FEOXAMR1,0.477718,1
FEOXAMR2,0.477718,1
FEOXAMR3,0.477718,1
FEOXAMUtex,0.477718,1
FEOXAMUtpp,0.477718,1
FEOXAMabcpp,0.477718,1
FEOXAMexs,0.477718,1
FEOXAMtonex,0.477718,1
FEROpp,0.477718,1
FESD1s,0.477718,1
FESD2s,0.477718,1
FESR,0.477718,1
FFSD,0.477718,1
FHL,0.477718,1
FLDR2,0.477718,1
FLVR,0.477718,1
FLVRx,0.477718,1
FMETTRS,0.477718,1
FMNAT,0,0
FMNRx,0.477718,1
FMNRx2,0.477718,1
FOMETRi,0.477718,1
FORCT,0.477718,1
FORt2pp,0.477718,1
FORtex,0.383803,0.803409
FORtppi,0.383803,0.803409
FRD2,0.477718,1
FRD3,0.477718,1
FRUK,0.477718,1
FRULYSDG,0.477718,1
FRULYSE,0.477718,1
FRULYSK,0.477718,1
FRULYSt2pp,0.477718,1
FRULYStex,0.477718,1
FRUURt2rpp,0.477718,1
FRUURtex,0.477718,1
FRUpts2pp,0.477718,1
FRUptspp,0.477718,1
FRUtex,0.477718,1
FTHFD,0.477718,1
FTHFLi,0.477718,1
FUCtex,0.477718,1
FUCtpp,0.477718,1
FUM,0.474989,0.994287
FUMt2_2pp,0.477718,1
FUMt2_3pp,0.477718,1
FUMtex,0.477718,1
FUSAtex,0.477718,1
FUSAtpp,0.477718,1
G1PACT,0,0
G1PPpp,0.477718,1
G1PTT,0,0
G1Ptex,0.477718,1
G1SAT,0,0
G2PP,0.477718,1
G2PPpp,0.477718,1
G3PAT120,0.477718,1
G3PAT140,0.477718,1
G3PAT141,0.477718,1
G3PAT160,0.477718,1
G3PAT161,0.477718,1
G3PAT180,0.477718,1
G3PAT181,0.477718,1
G3PCabcpp,0.477718,1
G3PCtex,0.477718,1
G3PD2,0,0
G3PD5,0.477718,1
G3PD6,0.477718,1
G3PD7,0.477718,1
G3PEabcpp,0.477718,1
G3PEtex,0.477718,1
G3PGabcpp,0.477718,1
G3PGtex,0.477718,1
G3PIabcpp,0.477718,1
G3PItex,0.477718,1
G3PSabcpp,0.477718,1
G3PStex,0.477718,1
G3PT,0.477718,1
G5SADs,0,0
G5SD,0.476583,0.997624
G6PDA,0.477718,1
G6PDH2r,0.477718,1
G6PP,0.477718,1
G6Pt6_2pp,0.477718,1
G6Ptex,0.477718,1
GAL1PPpp,0.477718,1
GAL1Ptex,0.477718,1
GALBDtex,0.477718,1
GALCTD,0.477718,1
GALCTLO,0.477718,1
GALCTND,0.477718,1
GALCTNLt2pp,0.477718,1
GALCTNLtex,0.477718,1
GALCTNt2pp,0.477718,1
GALCTNtex,0.477718,1
GALCTt2rpp,0.477718,1
GALCTtex,0.477718,1
GALKr,0.477718,1
GALM2pp,0.477718,1
GALS3,0.477718,1
GALT1,0,0
GALTptspp,0.477718,1
GALTtex,0.477718,1
GALURt2rpp,0.477718,1
GALURtex,0.477718,1
GALUi,0,0
GALabcpp,0.477718,1
GALt2pp,0.477718,1
GALtex,0.477718,1
GAM6Pt6_2pp,0.477718,1
GAMAN6Ptex,0.477718,1
GAMptspp,0.477718,1
GAMtex,0.477718,1
GAPD,-0.0538104,-0.112641
GARFT,0.476029,0.996464
GART,0.477718,1
GBBTNtex,0.477718,1
GCALDD,0,0
GDMANE,0.477718,1
GDPDPK,0.477718,1
GDPMNH,0.477718,1
GDPMNP,0.477718,1
GDPTPDP,0.477718,1
GDPtex,0.477718,1
GF6PTA,0,0
GGGABADr,0.477718,1
GGGABAH,0.477718,1
GGPTRCO,0.477718,1
GGPTRCS,0.477718,1
GHBDHx,0.477718,1
GHMT2r,0.468355,0.980401
GK1,0,0
GLBRAN2,0.477718,1
GLCATr,0.477718,1
GLCDpp,0.477718,1
GLCNt2rpp,0.477718,1
GLCNtex,0.477718,1
GLCP,0.477718,1
GLCP2,0.477718,1
GLCRAL,0.477718,1
GLCRD,0.477718,1
GLCRt2rpp,0.477718,1
GLCRtex,0.477718,1
GLCS1,0,0
GLCTR1,0,0
GLCTR2,0,0
GLCTR3,0,0
GLCUR1Ptex,0.477718,1
GLCURt2rpp,0.477718,1
GLCURtex,0.477718,1
GLCabcpp,0.477718,1
GLCptspp,0.426454,0.89269
GLCt2pp,0.477718,1
GLCtex,0.477718,1
GLCtexi,0.477718,1
GLDBRAN2,0.477718,1
GLGC,0,0
GLNS,0,0
GLNTRS,0.477718,1
GLNabcpp,0.477718,1
GLNtex,0.477718,1
GLTPD,0.477718,1
GLU5K,0.476583,0.997624
GLUABUTt7pp,0.477718,1
GLUCYS,0,0
GLUDC,0.477718,1
GLUDy,0.437477,0.915764
GLUN,0.477718,1
GLUNpp,0.477718,1
GLUPRT,0,0
GLUR,0,0
GLUSy,0.477718,1
GLUTRR,0,0
GLUTRS,0,0
GLUabcpp,0.477718,1
GLUt2rpp,0.477718,1
GLUt4pp,0.477718,1
GLUtex,0.477718,1
GLXCL,0.477718,1
GLYALDtex,0.477718,1
GLYALDtpp,0.477718,1
GLYAT,0.477718,1
GLYBabcpp,0.477718,1
GLYBt2pp,0.477718,1
GLYBtex,0.477718,1
GLYC2Pabcpp,0.477718,1
GLYC2Ptex,0.477718,1
GLYC3Pabcpp,0.477718,1
GLYC3Pt6pp,0.477718,1
GLYC3Ptex,0.477718,1
GLYCAt2rpp,0.477718,1
GLYCAtex,0.477718,1
GLYCDx,0.477718,1
GLYCK,0.477718,1
GLYCK2,0.477718,1
GLYCL,0.477718,1
GLYCLTDx,0.477718,1
GLYCLTDy,0.477718,1
GLYCLTt2rpp,0.477711,0.999985
GLYCLTt4pp,0.477718,1
GLYCLTtex,0.477711,0.999985
GLYCTO2,0.477718,1
GLYCTO3,0.477718,1
GLYCTO4,0.477718,1
GLYCtex,0.477718,1
GLYCtpp,0.477675,0.99991
GLYK,0.477701,0.999964
GLYOX,0.477718,1
GLYOX3,0.477718,1
GLYTRS,0.477718,1
GLYt2pp,0.477718,1
GLYt2rpp,0.477718,1
GLYt4pp,0.477718,1
GLYtex,0.477718,1
GMAND,0.477718,1
GMHEPAT,0,0
GMHEPK,0,0
GMHEPPA,0,0
GMPR,0.477718,1
GMPS2,0,0
GMPtex,0.477718,1
GND,0.477718,1
GNK,0.477718,1
GOFUCR,0.477718,1
GP4GH,0.477718,1
GPDDA1,0.477718,1
GPDDA1pp,0.477718,1
GPDDA2,0.477718,1
GPDDA2pp,0.477718,1
GPDDA3,0.477718,1
GPDDA3pp,0.477718,1
GPDDA4,0.477718,1
GPDDA4pp,0.477718,1
GPDDA5,0.477718,1
GPDDA5pp,0.477718,1
GRTT,0,0
GRXR,0.477718,1
GSNK,0.477718,1
GSNt2pp,0.477718,1
GSNtex,0.477718,1
GSPMDA,0.477718,1
GSPMDS,0.477718,1
GTHOXtex,0.477718,1
GTHOr,0.477718,1
GTHPi,0.477718,1
GTHRDHpp,0.477718,1
GTHRDabc2pp,0.477718,1
GTHRDabcpp,0.477718,1
GTHRDtex,0.477718,1
GTHS,0,0
GTPCI,0,0
GTPCII2,0,0
GTPDPDP,0.477718,1
GTPDPK,0.477718,1
GTPHs,0.477718,1
GTPtex,0.477718,1
GUACYC,0.477718,1
GUAD,0.477718,1
GUAPRT,0.477718,1
GUAt2pp,0.477718,1
GUAtex,0.477718,1
GUAtpp,0.477718,1
GUI1,0.477718,1
GUI2,0.477718,1
GUR1PPpp,0.477718,1
H2O2tex,0.477718,1
H2Otex,0.461259,0.965547
H2Otpp,0.461359,0.965756
H2SO,0.477718,1
H2St1pp,0.477718,1
H2Stex,0.477718,1
H2tex,0.477718,1
H2tpp,0.477718,1
HACD1,0.463629,0.970508
HACD2,0.463629,0.970508
HACD3,0.463629,0.970508
HACD4,0.469161,0.982088
HACD5,0.471572,0.987135
HACD6,0.472657,0.989406
HACD7,0.475245,0.994823
HACD8,0.477332,0.999192
HADPCOADH3,0.477718,1
HBZOPT,0,0
HCINNMt2rpp,0.477718,1
HCINNMtex,0.477718,1
HCO3E,0,0
HCYSMT,0.477718,1
HCYSMT2,0.477718,1
HDCAtexi,0.477718,1
HDCEAtexi,0.477718,1
HEMEOS,0,0
HEPK1,0,0
HEPK2,0,0
HEPT1,0,0
HEPT2,0,0
HEPT3,0,0
HEPT4,0,0
HETZK,0.477718,1
HEX1,0.477718,1
HEX4,0.477718,1
HEX7,0.477718,1
HEXt2rpp,0.477718,1
HG2abcpp,0.477718,1
HG2t3pp,0.477718,1
HG2tex,0.477718,1
HISTD,0,0
HISTP,0,0
HISTRS,0.477718,1
HISabcpp,0.477718,1
HISt2rpp,0.477718,1
HIStex,0.477718,1
HKNDDH,0.477718,1
HKNTDH,0.477718,1
HMBS,0,0
HMPK1,0.477718,1
HOMt2pp,0.477718,1
HOMtex,0.477718,1
HOPNTAL,0.477718,1
HPPK2,0,0
HPPPNDO,0.477718,1
HPPPNt2rpp,0.477718,1
HPPPNtex,0.477718,1
HPYRI,0.477718,1
HPYRRx,0.477718,1
HPYRRy,0.477718,1
HSDy,0,0
HSK,0,0
HSST,0,0
HSTPT,0,0
HXAND,0.477718,1
HXAtex,0.477718,1
HXCT,0.477718,1
HXPRT,0.477718,1
HYD1pp,0.477718,1
HYD2pp,0.477718,1
HYD3pp,0.477718,1
HYPOE,0.477718,1
HYXNtex,0.477718,1
HYXNtpp,0.477718,1
Htex,0.328319,0.687265
I2FE2SR,0.477718,1
I2FE2SS,0.477715,0.999994
I2FE2SS2,0.477715,0.999994
I2FE2ST,0.477717,0.999998
I4FE4SR,0.477715,0.999994
I4FE4ST,0.477715,0.999994
ICDHyr,-8.22E-14,-1.72E-13
ICHORS,0.477718,1
ICHORSi,0.477718,1
ICHORT,0,0
ICL,0.477718,1
ICYSDS,0,0
IDOND,0.477718,1
IDOND2,0.477718,1
IDONt2rpp,0.477718,1
IDONtex,0.477718,1
IG3PS,0,0
IGPDH,0,0
IGPS,0,0
ILETA,0,0
ILETRS,0.477718,1
ILEabcpp,0.477718,1
ILEt2rpp,0.477718,1
ILEtex,0.477718,1
IMPC,0,0
IMPD,0.476468,0.997383
IMPtex,0.477718,1
INDOLEt2pp,0.477718,1
INDOLEt2rpp,0.477718,1
INDOLEtex,0.477718,1
INOSTt4pp,0.477718,1
INSH,0.477718,1
INSK,0.477718,1
INSTtex,0.477718,1
INSt2pp,0.477718,1
INSt2rpp,0.477718,1
INStex,0.477718,1
IPDDI,0.477718,1
IPDPS,0.477718,1
IPMD,0,0
IPPMIa,0,0
IPPMIb,0,0
IPPS,0,0
ISETACabcpp,0.477718,1
ISETACtex,0.477718,1
K2L4Aabcpp,0.477718,1
K2L4Aabctex,0.477718,1
KARA1,0,0
KARA2,0,0
KAS14,0.477718,1
KAS15,0.477718,1
KDOCT2,0,0
KDOPP,0,0
KDOPS,0,0
KG6PDC,0.477718,1
Kabcpp,0.477718,1
Kt2pp,0.476981,0.998457
Kt3pp,0.477718,1
Ktex,0,0
L_DASH_LACD2,0.477718,1
L_DASH_LACD3,0.477718,1
L_DASH_LACt2rpp,0.477718,1
L_DASH_LACtex,0.477718,1
LA4NTpp,0.477718,1
LACZ,0.477718,1
LACZpp,0.477718,1
LADGMDH,0.477718,1
LALADGLUtex,0.477718,1
LALADGLUtpp,0.477718,1
LALALGLUtex,0.477718,1
LALALGLUtpp,0.477718,1
LALDO2x,0.477718,1
LALDO3,0.477718,1
LALGP,0.477718,1
LCADi,0.477718,1
LCARR,0.477718,1
LCARS,0.477718,1
LCTSt3ipp,0.477718,1
LCTStex,0.477718,1
LCTStpp,0.477718,1
LDH_D,0.477718,1
LDH_D2,0.477718,1
LEUTAi,0,0
LEUTRS,0.477718,1
LEUabcpp,0.477718,1
LEUt2rpp,0.477718,1
LEUtex,0.477718,1
LGTHL,0.477718,1
LIPACabcpp,0.477718,1
LIPAHT2ex,0.477718,1
LIPAHTex,0.477718,1
LIPAMPL,0.477718,1
LIPATPT,0.477718,1
LIPAabcpp,0.477718,1
LIPAabctex,0.477718,1
LIPOCT,0.477718,1
LIPOS,0,0
LIPOt2pp,0.477718,1
LIPOtex,0.477718,1
LPADSS,0,0
LPLIPAL1A120pp,0.477718,1
LPLIPAL1A140pp,0.477718,1
LPLIPAL1A141pp,0.477718,1
LPLIPAL1A160pp,0.477718,1
LPLIPAL1A161pp,0.477718,1
LPLIPAL1A180pp,0.477718,1
LPLIPAL1A181pp,0.477718,1
LPLIPAL1E120pp,0.477718,1
LPLIPAL1E140pp,0.477718,1
LPLIPAL1E141pp,0.477718,1
LPLIPAL1E160pp,0.477718,1
LPLIPAL1E161pp,0.477718,1
LPLIPAL1E180pp,0.477718,1
LPLIPAL1E181pp,0.477718,1
LPLIPAL1G120pp,0.477718,1
LPLIPAL1G140pp,0.477718,1
LPLIPAL1G141pp,0.477718,1
LPLIPAL1G160pp,0.477718,1
LPLIPAL1G161pp,0.477718,1
LPLIPAL1G180pp,0.477718,1
LPLIPAL1G181pp,0.477718,1
LPLIPAL2A120,0.477718,1
LPLIPAL2A140,0.477718,1
LPLIPAL2A141,0.477718,1
LPLIPAL2A160,0.477718,1
LPLIPAL2A161,0.477718,1
LPLIPAL2A180,0.477718,1
LPLIPAL2A181,0.477718,1
LPLIPAL2ATE120,0.477718,1
LPLIPAL2ATE140,0.477718,1
LPLIPAL2ATE141,0.477718,1
LPLIPAL2ATE160,0.477718,1
LPLIPAL2ATE161,0.477718,1
LPLIPAL2ATE180,0.477718,1
LPLIPAL2ATE181,0.477718,1
LPLIPAL2ATG120,0.477718,1
LPLIPAL2ATG140,0.477718,1
LPLIPAL2ATG141,0.477718,1
LPLIPAL2ATG160,0.477718,1
LPLIPAL2ATG161,0.477718,1
LPLIPAL2ATG180,0.477718,1
LPLIPAL2ATG181,0.477718,1
LPLIPAL2E120,0.477718,1
LPLIPAL2E140,0.477718,1
LPLIPAL2E141,0.477718,1
LPLIPAL2E160,0.477718,1
LPLIPAL2E161,0.477718,1
LPLIPAL2E180,0.477718,1
LPLIPAL2E181,0.477718,1
LPLIPAL2G120,0.477718,1
LPLIPAL2G140,0.477718,1
LPLIPAL2G141,0.477718,1
LPLIPAL2G160,0.477718,1
LPLIPAL2G161,0.477718,1
LPLIPAL2G180,0.477718,1
LPLIPAL2G181,0.477718,1
LSERDHr,0.477718,1
LYSDC,0.477718,1
LYSTRS,0.477718,1
LYSabcpp,0.477718,1
LYSt2pp,0.477718,1
LYSt3pp,0.477718,1
LYStex,0.477718,1
LYXI,0.477718,1
LYXt2pp,0.477718,1
LYXtex,0.477718,1
M1PD,0.477718,1
MACPD,0.477718,1
MALCOAMT,0,0
MALDDH,0.477718,1
MALDt2_2pp,0.477718,1
MALDtex,0.477718,1
MALS,0.477718,1
MALTATr,0.477718,1
MALTHXabcpp,0.477718,1
MALTHXtexi,0.477718,1
MALTPTabcpp,0.477718,1
MALTPTtexi,0.477718,1
MALTTRabcpp,0.477718,1
MALTTRtexi,0.477718,1
MALTTTRabcpp,0.477718,1
MALTTTRtexi,0.477718,1
MALTabcpp,0.477718,1
MALTptspp,0.477718,1
MALTtexi,0.477718,1
MALt2_2pp,0.477718,1
MALt2_3pp,0.477718,1
MALt3pp,0.477718,1
MALtex,0.477718,1
MAN1PT2,0.477718,1
MAN6PI,0.477718,1
MAN6Pt6_2pp,0.477718,1
MAN6Ptex,0.477718,1
MANAO,0.477718,1
MANGLYCptspp,0.477718,1
MANGLYCtex,0.477718,1
MANPGH,0.477718,1
MANptspp,0.477718,1
MANtex,0.477718,1
MCITD,0.477718,1
MCITL2,0.477718,1
MCITS,0.477718,1
MCOATA,0,0
MCPST,0.477718,1
MCTP1App,0,0
MCTP1Bpp,0.477714,0.999992
MCTP2App,0,0
MDDCP1pp,0.477429,0.999395
MDDCP2pp,0,0
MDDCP3pp,0.477718,1
MDDCP4pp,0.477718,1
MDDCP5pp,0.477718,1
MDDEP1pp,0.477718,1
MDDEP2pp,0.477718,1
MDDEP3pp,0.477718,1
MDDEP4pp,0.477718,1
MDH,0.475889,0.996171
MDH2,0.477718,1
MDH3,0.477718,1
ME1,0.477718,1
ME2,0.477718,1
MECDPDH5,0,0
MECDPS,0,0
MELIBt2pp,0.477718,1
MELIBt3ipp,0.477718,1
MELIBtex,0.477718,1
MEOHtex,0,0
MEOHtrpp,0,0
MEPCT,0,0
METAT,0,0
METDabcpp,0.477718,1
METDtex,0.477718,1
METOX1s,0.477718,1
METOX2s,0.477718,1
METS,0,0
METSOX1abcpp,0.477718,1
METSOX1tex,0.477718,1
METSOX2abcpp,0.477718,1
METSOX2tex,0.477718,1
METSOXR1,0.477718,1
METSOXR2,0.477718,1
METTRS,0.477718,1
METabcpp,0.477718,1
METtex,0.477718,1
MG2t3_2pp,0.477696,0.999954
MG2tex,0,0
MG2tpp,0.477718,1
MG2uabcpp,0.477718,1
MGSA,0.477718,1
MI1PP,0.477718,1
MICITDr,0.477718,1
MINCYCtex,0.477718,1
MINCYCtpp,0.477718,1
MINOHPtexi,0.477718,1
MLDCP1App,0,0
MLDCP1Bpp,0.477718,1
MLDCP2App,0.477718,1
MLDCP2Bpp,0.477718,1
MLDCP3App,0.477714,0.999992
MLDEP1pp,0.477714,0.999992
MLDEP2pp,0.477718,1
MLTG1,0.477718,1
MLTG2,0.477718,1
MLTG3,0.477718,1
MLTG4,0.477718,1
MLTG5,0.477718,1
MLTGY1pp,0.477718,1
MLTGY2pp,0.477718,1
MLTGY3pp,0.477718,1
MLTGY4pp,0.477718,1
MLTP1,0.477718,1
MLTP2,0.477718,1
MLTP3,0.477718,1
MMCD,0.477718,1
MMETt2pp,0.477718,1
MMETtex,0.477718,1
MMM,0.477718,1
MN2t3pp,0.477718,1
MN2tpp,0.477717,0.999998
MN6PP,0.477718,1
MNLptspp,0.477718,1
MNLtex,0.477718,1
MNNH,0.477718,1
MNt2pp,0.477718,1
MNtex,0,0
MOADSUx,0,0
MOAT,0,0
MOAT2,0,0
MOAT3C,0,0
MOBDabcpp,0,0
MOBDtex,0,0
MOCDS,0,0
MOCOS,0,0
MOGDS,0,0
MOHMT,-3.13E-40,-6.56E-40
MOX,0.4777,0.999962
MPTAT,0,0
MPTG,0,0
MPTG2,0,0
MPTS,0,0
MPTSS,0,0
MSAR,0.477718,1
MSO3abcpp,0.477718,1
MSO3tex,0.477718,1
MTAN,0,0
MTHFC,0.469995,0.983834
MTHFD,0.469995,0.983834
MTHFR2,0,0
MTHTHFSs,0,0
MTRPOX,0.477718,1
N2Otex,0.477718,1
N2Otpp,0.477718,1
NACODA,0.477718,1
NACtex,0.477718,1
NACtpp,0.477718,1
NADDP,0.477718,1
NADH10,0.477718,1
NADH16pp,0.477718,1
NADH17pp,0.477718,1
NADH18pp,0.477718,1
NADH5,0.477718,1
NADH9,0.477718,1
NADK,0,0
NADN,0.477718,1
NADPHQR2,0.477718,1
NADPHQR3,0.477718,1
NADPHQR4,0.477718,1
NADPPPS,0.477718,1
NADS1,0,0
NADTRHD,0.477718,1
NAMNPP,0.477718,1
NAt3_1p5pp,0.477718,1
NAt3_2pp,0.477718,1
NAt3pp,0.477718,1
NAtex,0.477718,1
NDPK1,0.477718,1
NDPK2,0,0
NDPK3,0.475597,0.99556
NDPK4,0,0
NDPK5,0.477718,1
NDPK6,0.477718,1
NDPK7,0.477718,1
NDPK8,0.477718,1
NH4tex,0,0
NH4tpp,4.11E-15,8.60E-15
NHFRBO,0.477718,1
NI2abcpp,0.477718,1
NI2t3pp,0.477718,1
NI2tex,0,0
NI2tpp,0.477716,0.999996
NI2uabcpp,0.477718,1
NMNAT,0.477718,1
NMNDA,0.477718,1
NMNN,0.477718,1
NMNPtpp,0.477718,1
NMNt7pp,0.477718,1
NMNtex,0.477718,1
NNAM,0.477718,1
NNATr,0,0
NNDMBRT,0.477718,1
NNDPR,0,0
NO2t2rpp,0.477718,1
NO2tex,0.477718,1
NO3R1bpp,0.477718,1
NO3R1pp,0.477718,1
NO3R2bpp,0.477718,1
NO3R2pp,0.477718,1
NO3t7pp,0.477718,1
NO3tex,0.477718,1
NODOx,0.477718,1
NODOy,0.477718,1
NOVBCNtex,0.477718,1
NOVBCNtpp,0.477718,1
NOtex,0.477718,1
NOtpp,0.477718,1
NTD1,0.477718,1
NTD10,0.477718,1
NTD10pp,0.477718,1
NTD11,0.477718,1
NTD11pp,0.477718,1
NTD12,0.477718,1
NTD12pp,0.477718,1
NTD1pp,4.78E-01,1.00E+00
NTD2,0.477718,1
NTD2pp,0.477718,1
NTD3,0.477718,1
NTD3pp,0.477718,1
NTD4,0.477718,1
NTD4pp,0.477718,1
NTD5,0.477718,1
NTD5pp,0.477718,1
NTD6,0.477718,1
NTD6pp,0.477718,1
NTD7,0.477718,1
NTD7pp,0.477718,1
NTD8,0.477718,1
NTD8pp,0.477718,1
NTD9,0.477718,1
NTD9pp,0.477718,1
NTP1,0.477718,1
NTP10,0.477718,1
NTP11,0.477718,1
NTP12,0.477718,1
NTP3,0.477718,1
NTP3pp,0.477718,1
NTP5,0.477718,1
NTPP1,0.477718,1
NTPP10,0.477718,1
NTPP11,0.477718,1
NTPP2,0.477718,1
NTPP3,0.477718,1
NTPP4,0.477718,1
NTPP5,0.477718,1
NTPP6,0.477718,1
NTPP7,0.477718,1
NTPP8,0.477718,1
NTPP9,0.477718,1
NTPTP1,0.477718,1
NTPTP2,0.477718,1
NTRIR2x,0.477718,1
NTRIR3pp,0.477718,1
NTRIR4pp,0.477718,1
O16A4COLIPAabctex,0.477718,1
O16A4Lpp,0.477718,1
O16AP1pp,0.477718,1
O16AP2pp,0.477718,1
O16AP3pp,0.477718,1
O16AT,0.477718,1
O16AUNDtpp,0.477718,1
O16GALFT,0.477718,1
O16GLCT1,0.477718,1
O16GLCT2,0.477718,1
O2Stex,0.477718,1
O2tex,0.477718,1
O2tpp,0.477718,1
OAADC,0.477718,1
OBTFL,0.477718,1
OCBT,0,0
OCDCAtexi,0.477718,1
OCDCEAtexi,0.477718,1
OCTAtex,0.477718,1
OCTDPS,0,0
OCTNLL,0.477718,1
OGMEACPD,0,0
OGMEACPR,0,0
OGMEACPS,0,0
OHPBAT,0,0
OHPHM,0,0
OMBZLM,0,0
OMCDC,0,0
OMMBLHX,0.477718,1
OMMBLHX3,0,0
OMPDC,0,0
OMPHHX,0.477718,1
OMPHHX3,0,0
OP4ENH,0.477718,1
OPHBDC,0,0
OPHHX,0.477718,1
OPHHX3,0,0
OPMEACPD,0,0
OPMEACPR,0,0
OPMEACPS,0,0
ORNDC,0.477083,0.998671
ORNabcpp,0.477718,1
ORNtex,0.477718,1
OROTt2_2pp,0.477718,1
OROTtex,0.477718,1
ORPT,0,0
OXAMTC,0.477718,1
OXCDC,0.477718,1
OXCOAHDH,0.477718,1
OXDHCOAT,0.477718,1
P5CD,0.477718,1
P5CR,0,0
PA120abcpp,0.477718,1
PA140abcpp,0.477718,1
PA141abcpp,0.477718,1
PA160abcpp,0.477718,1
PA161abcpp,0.477718,1
PA180abcpp,0.477718,1
PA181abcpp,0.477718,1
PACALDt2rpp,0.477718,1
PACALDtex,0.477718,1
PACCOAE,0.477718,1
PACCOAL,0.477718,1
PANTS,-3.13E-40,-6.56E-40
PAPA120,0.477718,1
PAPA120pp,0.477718,1
PAPA140,0.477718,1
PAPA140pp,0.477718,1
PAPA141,0.477718,1
PAPA141pp,0.477718,1
PAPA160,0.477718,1
PAPA160pp,0.477718,1
PAPA161,0.477718,1
PAPA161pp,0.477718,1
PAPA180,0.477718,1
PAPA180pp,0.477718,1
PAPA181,0.477718,1
PAPA181pp,0.477718,1
PAPPT3,0,0
PAPSR,0.477718,1
PAPSR2,0.477718,1
PDE1,0.477718,1
PDE4,0.477718,1
PDH,0.477718,1
PDX5PO2,0.477718,1
PDX5POi,0.477718,1
PDX5PS,0,0
PDXPP,0.477718,1
PE120abcpp,0.477718,1
PE140abcpp,0.477718,1
PE141abcpp,0.477718,1
PE160abcpp,0,0
PE161abcpp,0,0
PE180abcpp,0.477718,1
PE181abcpp,0,0
PEAMNOpp,0.477718,1
PEAMNtex,0.477718,1
PERD,0,0
PETNT161pp,0.477718,1
PETNT181pp,0.477718,1
PFK,0.477718,1
PFK_2,0.477718,1
PFK_3,0.477718,1
PFL,0.381769,0.799151
PG120abcpp,0.477718,1
PG140abcpp,0.477718,1
PG141abcpp,0.477718,1
PG160abcpp,0.477703,0.999969
PG161abcpp,0.477707,0.999977
PG180abcpp,0.477718,1
PG181abcpp,0.477712,0.999987
PGAMT,0,0
PGCD,0.463468,0.970171
PGI,0.426685,0.893173
PGK,-0.0538104,-0.112641
PGL,0.477718,1
PGLYCP,0.477718,1
PGM,0.0170851,0.035764
PGMT,0,0
PGP120abcpp,0.477718,1
PGP140abcpp,0.477718,1
PGP141abcpp,0.477718,1
PGP160abcpp,0.477718,1
PGP161abcpp,0.477718,1
PGP180abcpp,0.477718,1
PGP181abcpp,0.477718,1
PGPP120,0.477718,1
PGPP120pp,0.477718,1
PGPP140,0.477718,1
PGPP140pp,0.477718,1
PGPP141,0.477718,1
PGPP141pp,0.477718,1
PGPP160,0.477605,0.999763
PGPP160pp,4.78E-01,1.00E+00
PGPP161,0.47763,0.999816
PGPP161pp,0.477718,1
PGPP180,0.477718,1
PGPP180pp,0.477718,1
PGPP181,0.477673,0.999906
PGPP181pp,0.477718,1
PGSA120,0.477718,1
PGSA140,0.477718,1
PGSA141,0.477718,1
PGSA160,0,0
PGSA161,0,0
PGSA180,0.477718,1
PGSA181,0,0
PHEMEabcpp,0.477718,1
PHEMEtiex,0.477718,1
PHETA1,0,0
PHETRS,0.477718,1
PHEt2rpp,0.477718,1
PHEtex,0.477718,1
PHYTSpp,0.477718,1
PIt2rpp,0.474064,0.992351
PItex,4.21E-14,8.82E-14
PIuabcpp,0.477718,1
PLIPA1A120pp,0.477718,1
PLIPA1A140pp,0.477718,1
PLIPA1A141pp,0.477718,1
PLIPA1A160pp,0.477718,1
PLIPA1A161pp,0.477718,1
PLIPA1A180pp,0.477718,1
PLIPA1A181pp,0.477718,1
PLIPA1E120pp,0.477718,1
PLIPA1E140pp,0.477718,1
PLIPA1E141pp,0.477718,1
PLIPA1E160pp,0.477718,1
PLIPA1E161pp,0.477718,1
PLIPA1E180pp,0.477718,1
PLIPA1E181pp,0.477718,1
PLIPA1G120pp,0.477718,1
PLIPA1G140pp,0.477718,1
PLIPA1G141pp,0.477718,1
PLIPA1G160pp,0.477718,1
PLIPA1G161pp,0.477718,1
PLIPA1G180pp,0.477718,1
PLIPA1G181pp,0.477718,1
PLIPA2A120pp,0.477718,1
PLIPA2A140pp,0.477718,1
PLIPA2A141pp,0.477718,1
PLIPA2A160pp,0.477718,1
PLIPA2A161pp,0.477718,1
PLIPA2A180pp,0.477718,1
PLIPA2A181pp,0.477718,1
PLIPA2E120pp,0.477718,1
PLIPA2E140pp,0.477718,1
PLIPA2E141pp,0.477718,1
PLIPA2E160pp,0.477718,1
PLIPA2E161pp,0.477718,1
PLIPA2E180pp,0.477718,1
PLIPA2E181pp,0.477718,1
PLIPA2G120pp,0.477718,1
PLIPA2G140pp,0.477718,1
PLIPA2G141pp,0.477718,1
PLIPA2G160pp,0.477718,1
PLIPA2G161pp,0.477718,1
PLIPA2G180pp,0.477718,1
PLIPA2G181pp,0.477718,1
PMANM,0.477718,1
PMDPHT,0,0
PMEACPE,0,0
PMPK,0,0
PNTK,-3.13E-40,-6.56E-40
PNTOt4pp,0.477718,1
PNTOtex,0.477718,1
POAACR,0.477718,1
POR5,0.477575,0.999701
POX,0.477718,1
PPA,0.477718,1
PPA2,0.477718,1
PPAKr,0.477718,1
PPALtex,0.477718,1
PPALtpp,0.477718,1
PPAt4pp,0.477718,1
PPAtex,0.477718,1
PPBNGS,0,0
PPC,0.327439,0.685423
PPCDC,-3.13E-40,-6.56E-40
PPCK,0.477718,1
PPCSCT,0.477718,1
PPGPPDP,0.477718,1
PPK2r,0.477716,0.999996
PPKr,0.459451,0.961762
PPM,0.477718,1
PPM2,0.477718,1
PPNCL2,-3.13E-40,-6.56E-40
PPND,0,0
PPNDH,0,0
PPPGO,0.477718,1
PPPGO3,0,0
PPPNDO,0.477718,1
PPPNt2rpp,0.477718,1
PPPNtex,0.477718,1
PPS,0.477718,1
PPTHpp,0.477718,1
PPTtex,0.477718,1
PRAGSr,0,0
PRAIS,0,0
PRAIi,0,0
PRAMPC,0,0
PRASCSi,0,0
PRATPP,0,0
PRFGS,0,0
PRMICI,0,0
PROD2,0.477718,1
PROGLYabcpp,0.477718,1
PROGLYtex,0.477718,1
PROTRS,0.477718,1
PROabcpp,0.477718,1
PROt2rpp,0.477718,1
PROt4pp,0.477718,1
PROtex,0.477718,1
PRPPS,0.477718,1
PSCLYSt2pp,0.477718,1
PSCLYStex,0.477718,1
PSCVT,0,0
PSD120,0.477718,1
PSD140,0.477718,1
PSD141,0.477718,1
PSD160,0,0
PSD161,0,0
PSD180,0.477718,1
PSD181,0,0
PSERT,0.463468,0.970171
PSERtex,0.477718,1
PSP_L,0.463468,0.970171
PSP_Lpp,0.477718,1
PSSA120,0.477718,1
PSSA140,0.477718,1
PSSA141,0.477718,1
PSSA160,0,0
PSSA161,0,0
PSSA180,0.477718,1
PSSA181,0,0
PTA2,0.477718,1
PTAr,0.397004,0.831043
PTHRpp,0.477718,1
PTPATi,-3.13E-40,-6.56E-40
PTRCORNt7pp,0.477718,1
PTRCTA,0.477718,1
PTRCabcpp,0.477718,1
PTRCt2pp,0.477718,1
PTRCtex,0.477718,1
PUNP1,0.477718,1
PUNP2,0.477718,1
PUNP3,0.477718,1
PUNP4,0.477718,1
PUNP5,0.477718,1
PUNP6,0.477718,1
PUNP7,0.477718,1
PYAM5PO,0.477718,1
PYDAMK,0.477718,1
PYDAMtex,0.477718,1
PYDAMtpp,0.477718,1
PYDXK,0.477718,1
PYDXNK,0.477718,1
PYDXNtex,0.477718,1
PYDXNtpp,0.477718,1
PYDXPP,0.477718,1
PYDXtex,0.477718,1
PYDXtpp,0.477718,1
PYK,0.477718,1
PYNP2r,0.477718,1
PYROX,0.477718,1
PYRt2rpp,0.477718,1
PYRtex,0.477718,1
QMO2,0.477718,1
QMO3,0.477718,1
QUIN2tex,0.477718,1
QUIN2tpp,0.477718,1
QUINDH,0.477718,1
QULNS,0,0
R15BPK,0.477718,1
R1PK,0.477718,1
R5PP,0.477718,1
R5PPpp,0.477718,1
R5Ptex,0.477718,1
RBFK,0,0
RBFSa,0,0
RBFSb,0,0
RBK,0.477718,1
RBK_L1,0.477718,1
RBP4E,0.477718,1
REPHACCOAI,0.477718,1
RFAMPtex,0.477718,1
RFAMPtpp,0.477718,1
RHAT1,0,0
RHCCE,0,0
RIBabcpp,0.477718,1
RIBtex,0.477718,1
RMI,0.477718,1
RMK,0.477718,1
RMNtex,0.477718,1
RMNtpp,0.477718,1
RMPA,0.477718,1
RNDR1,0.477718,1
RNDR1b,0.477718,1
RNDR2,0.477718,1
RNDR2b,0.477718,1
RNDR3,0.477718,1
RNDR3b,0.477718,1
RNDR4,0.477718,1
RNDR4b,0.477718,1
RNTR1c2,0.477685,0.999931
RNTR2c2,0.477684,0.999929
RNTR3c2,0.477684,0.999929
RNTR4c2,0.477685,0.999931
RPE,0.475211,0.994752
RPI,0.310124,0.649178
RZ5PP,0.477718,1
S2FE2SR,0.477718,1
S2FE2SS,0.477718,1
S2FE2SS2,0.477718,1
S2FE2ST,0.477718,1
S4FE4SR,0.477718,1
S4FE4ST,0.477718,1
S7PI,0,0
SADH,0.477718,1
SADT2,0,0
SARCOX,0.477718,1
SBTPD,0.477718,1
SBTptspp,0.477718,1
SBTtex,0.477718,1
SCYSDS,0.477718,1
SDPDS,0,0
SDPTA,0,0
SELCYSS,0.477718,1
SELGTHR,0.477718,1
SELGTHR2,0.477718,1
SELGTHR3,0.477718,1
SELNPS,0.477718,1
SELR,0.477718,1
SELtex,0.477718,1
SELtpp,0.477718,1
SEPHCHCS,0,0
SERASr,0,0
SERAT,0,0
SERD_D,0.477718,1
SERD_L,0.477718,1
SERTRS,0.477718,1
SERTRS2,0.477718,1
SERt2rpp,0.477718,1
SERt4pp,0.477718,1
SERtex,0.477718,1
SFGTHi,0.477718,1
SGDS,0.477718,1
SGSAD,0.477718,1
SHCHCS3,0,0
SHCHD2,0,0
SHCHF,0,0
SHK3Dr,0,0
SHKK,0,0
SHSL1,0,0
SKMt2pp,0.477718,1
SKMtex,0.477718,1
SLNTtex,0.477718,1
SLNTtpp,0.477718,1
SO2tex,0.477718,1
SO2tpp,0.477718,1
SO3tex,0.477718,1
SO4t2pp,0.476719,0.997909
SO4tex,0,0
SOTA,0.477718,1
SPMDAT1,0.477718,1
SPMDAT2,0.477718,1
SPMDabcpp,0.477718,1
SPMDt3pp,0.477718,1
SPMDtex,0.477718,1
SPMS,0,0
SPODM,0.477718,1
SPODMpp,0.477718,1
SSALx,0.477718,1
SSALy,0.477718,1
SUCASPtpp,0.477718,1
SUCBZL,0,0
SUCBZS,0,0
SUCCt2_2pp,0.477718,1
SUCCt2_3pp,0.477718,1
SUCCt3pp,0.477718,1
SUCCtex,0,0
SUCDi,0.477718,1
SUCFUMtpp,0.477718,1
SUCMALtpp,0.477718,1
SUCOAS,0.477718,1
SUCRtex,0.477718,1
SUCTARTtpp,0.477718,1
SUCptspp,0.477718,1
SULFACabcpp,0.477718,1
SULFACtex,0.477718,1
SULRi,0,0
SULabcpp,0.477718,1
T2DECAI,0.477718,1
TAGURr,0.477718,1
TALA,0.476326,0.997086
TARTD,0.477718,1
TARTRDtex,0.477718,1
TARTRt7pp,0.477718,1
TARTRtex,0.477718,1
TARTt2_3pp,0.477718,1
TAUDO,0.477718,1
TAURabcpp,0.477718,1
TAURtex,0.477718,1
TCYNTtex,0.477718,1
TDP,0.477718,1
TDPADGAT,0.477718,1
TDPAGTA,0.477718,1
TDPDRE,0,0
TDPDRR,0,0
TDPGDH,0,0
TDSK,0,0
TDSR1,0.477718,1
TDSR2,0.477718,1
TGBPA,0.477718,1
THD2pp,0.464861,0.973087
THDPS,0,0
THFAT,0.477718,1
THIORDXi,0.477718,1
THMDt2pp,0.477718,1
THMDt2rpp,0.477718,1
THMDtex,0.477718,1
THMabcpp,0.477718,1
THMtex,0.477718,1
THRA2i,0.477718,1
THRAi,0.477718,1
THRD,0.477718,1
THRD_L,0,0
THRPtex,0.477718,1
THRS,0,0
THRTRS,0.477718,1
THRabcpp,0.477718,1
THRt2pp,0.477718,1
THRt2rpp,0.477718,1
THRt4pp,0.477718,1
THRtex,0.477718,1
THYMt3pp,0.477718,1
THYMtex,0.477718,1
THZPSN3,0,0
TKT1,0.476541,0.997536
TKT2,0.47389,0.991987
TMAOR1,0.477718,1
TMAOR1pp,0.477718,1
TMAOR2,0.477718,1
TMAOR2pp,0.477718,1
TMAOtex,0.477718,1
TMAtex,0.477718,1
TMDK1,0.477718,1
TMDPP,0.477718,1
TMDS,0,0
TMK,0.477718,1
TMPK,0,0
TMPPP,0,0
TPI,0.331703,0.694349
TPRDCOAS,0.477718,1
TRDR,0.477718,1
TRE6PH,0.477718,1
TRE6PP,0.477718,1
TRE6PS,0.477718,1
TREH,0.477718,1
TREHpp,0.477718,1
TREptspp,0.477718,1
TREtex,0.477718,1
TRPAS2,0.477279,0.999081
TRPS1,0.477718,1
TRPS2,0.477718,1
TRPS3,0.477279,0.999081
TRPTRS,0.477718,1
TRPt2rpp,0.477718,1
TRPtex,0.477718,1
TRSARr,0.477718,1
TSULabcpp,0.477718,1
TSULtex,0.477718,1
TTDCAtexi,0.477718,1
TTDCEAtexi,0.477718,1
TTRCYCtex,0.477718,1
TTRCYCtpp,0.477718,1
TUNGSabcpp,0.477718,1
TUNGStex,0.477718,1
TYMtex,0.477718,1
TYRL,0,0
TYROXDApp,0.477718,1
TYRPpp,0.477718,1
TYRPtex,0.477718,1
TYRTA,0,0
TYRTRS,0.477718,1
TYRt2rpp,0.477718,1
TYRtex,0.477718,1
ThDPAT,0.477718,1
U23GAAT,0,0
UAAGDS,0,0
UACGALPpp,0.477718,1
UACGAMPpp,0.477718,1
UACGAMtex,0.477718,1
UACMAMO,0.477718,1
UAG2E,0.477718,1
UAGAAT,0,0
UAGCVT,0,0
UAGDP,0,0
UAGPT3,0,0
UAMAGS,0,0
UAMAS,0,0
UAPGR,0,0
UDCPDP,0,0
UDCPDPS,0,0
UDCPDPpp,0.477718,1
UDCPPtppi,0.477718,1
UDPACGALtex,0.477718,1
UDPG4E,0.477718,1
UDPGALM,0.477718,1
UDPGALPpp,0.477718,1
UDPGALtex,0.477718,1
UDPGD,0.477718,1
UDPGDC,0.477718,1
UDPGLCURtex,0.477718,1
UDPGPpp,0.477718,1
UDPGtex,0.477718,1
UDPKAAT,0.477718,1
UGLCURPpp,0.477718,1
UGLT,0.477718,1
UGLYCH,0.477718,1
UGMDDS,0,0
UHGADA,0,0
ULA4NFT,0.477718,1
ULA4Ntppi,0.477718,1
UM3PL,0.477718,1
UM4PCP,0.477718,1
UM4PL,0.477718,1
UMPK,0,0
UMPtex,0.477718,1
UPLA4FNF,0.477718,1
UPLA4FNT,0.477718,1
UPP3MT,0,0
UPP3S,0,0
UPPDC1,0,0
UPPRT,0.477718,1
URACPAH,0.477718,1
URAt2pp,0.477718,1
URAt2rpp,0.477718,1
URAtex,0.477718,1
URDGLYCD,0.477718,1
UREAtex,0.477718,1
UREAtpp,0.477718,1
URIC,0.477718,1
URIH,0.477718,1
URIK2,0.477718,1
URIt2pp,0.477718,1
URIt2rpp,0.477718,1
URItex,0.477718,1
USHD,0,0
VALTA,0.477718,1
VALTRS,0.477718,1
VALabcpp,0.477718,1
VALt2rpp,0.477718,1
VALtex,0.477718,1
VPAMTr,0.477718,1
WCOS,0.477718,1
X5PL3E,0.477718,1
XAND,0.477718,1
XANt2pp,0.477718,1
XANtex,0.477718,1
XANtpp,0.477718,1
XMPtex,0.477718,1
XPPT,0.477718,1
XTSNH,0.477718,1
XTSNt2rpp,0.477718,1
XTSNtex,0.477718,1
XYLI1,0.477718,1
XYLI2,0.477718,1
XYLK,0.477718,1
XYLK2,0.477718,1
XYLUt2pp,0.477718,1
XYLUtex,0.477718,1
XYLabcpp,0.477718,1
XYLt2pp,0.477718,1
XYLtex,0.477718,1
ZN2abcpp,0.477718,1
ZN2t3pp,0.477718,1
ZN2tpp,0.477716,0.999996
ZNabcpp,0.477718,1
Zn2tex,0,0