reaction_id,gr_ratio,gr
DM_4CRSOL,0,0
DM_5DRIB,0,0
DM_AACALD,1,0.986509
DM_AMOB,0,0
DM_MTHTHF,0,0
DM_OXAM,1,0.986509
Ec_biomass_iJO1366_WT_53p95M,1,0.986509
Ec_biomass_iJO1366_core_53p95M,0,0
EX_12ppd_DASH_R_LPAREN_e_RPAREN_,1,0.986509
EX_12ppd_DASH_S_LPAREN_e_RPAREN_,1,0.986509
EX_14glucan_LPAREN_e_RPAREN_,1,0.986509
EX_15dap_LPAREN_e_RPAREN_,1,0.986509
EX_23camp_LPAREN_e_RPAREN_,1,0.986509
EX_23ccmp_LPAREN_e_RPAREN_,1,0.986509
EX_23cgmp_LPAREN_e_RPAREN_,1,0.986509
EX_23cump_LPAREN_e_RPAREN_,1,0.986509
EX_23dappa_LPAREN_e_RPAREN_,1,0.986509
EX_26dap_DASH_M_LPAREN_e_RPAREN_,1,0.986509
EX_2ddglcn_LPAREN_e_RPAREN_,1,0.986509
EX_34dhpac_LPAREN_e_RPAREN_,1,0.986509
EX_3amp_LPAREN_e_RPAREN_,1,0.986509
EX_3cmp_LPAREN_e_RPAREN_,1,0.986509
EX_3gmp_LPAREN_e_RPAREN_,1,0.986509
EX_3hcinnm_LPAREN_e_RPAREN_,1,0.986509
EX_3hpp_LPAREN_e_RPAREN_,1,0.986509
EX_3hpppn_LPAREN_e_RPAREN_,1,0.986509
EX_3ump_LPAREN_e_RPAREN_,1,0.986509
EX_4abut_LPAREN_e_RPAREN_,1,0.986509
EX_4hoxpacd_LPAREN_e_RPAREN_,1,0.986509
EX_5dglcn_LPAREN_e_RPAREN_,1,0.986509
EX_5mtr_LPAREN_e_RPAREN_,1,0.986509
EX_LalaDglu_LPAREN_e_RPAREN_,1,0.986509
EX_LalaDgluMdap_LPAREN_e_RPAREN_,1,0.986509
EX_LalaDgluMdapDala_LPAREN_e_RPAREN_,1,0.986509
EX_LalaLglu_LPAREN_e_RPAREN_,1,0.986509
EX_ac_LPAREN_e_RPAREN_,1,0.986509
EX_acac_LPAREN_e_RPAREN_,1,0.986509
EX_acald_LPAREN_e_RPAREN_,1,0.986509
EX_acgal_LPAREN_e_RPAREN_,1,0.986509
EX_acgal1p_LPAREN_e_RPAREN_,1,0.986509
EX_acgam_LPAREN_e_RPAREN_,1,0.986509
EX_acgam1p_LPAREN_e_RPAREN_,1,0.986509
EX_acmana_LPAREN_e_RPAREN_,1,0.986509
EX_acmum_LPAREN_e_RPAREN_,1,0.986509
EX_acnam_LPAREN_e_RPAREN_,1,0.986509
EX_acolipa_LPAREN_e_RPAREN_,1,0.986509
EX_acser_LPAREN_e_RPAREN_,1,0.986509
EX_ade_LPAREN_e_RPAREN_,1,0.986509
EX_adn_LPAREN_e_RPAREN_,1,0.986509
EX_adocbl_LPAREN_e_RPAREN_,1,0.986509
EX_ag_LPAREN_e_RPAREN_,1,0.986509
EX_agm_LPAREN_e_RPAREN_,1,0.986509
EX_akg_LPAREN_e_RPAREN_,1,0.986509
EX_ala_DASH_B_LPAREN_e_RPAREN_,1,0.986509
EX_ala_DASH_D_LPAREN_e_RPAREN_,1,0.986509
EX_ala_DASH_L_LPAREN_e_RPAREN_,1,0.986509
EX_alaala_LPAREN_e_RPAREN_,1,0.986509
EX_all_DASH_D_LPAREN_e_RPAREN_,1,0.986509
EX_alltn_LPAREN_e_RPAREN_,1,0.986509
EX_amp_LPAREN_e_RPAREN_,1,0.986509
EX_anhgm_LPAREN_e_RPAREN_,1,0.986509
EX_arab_DASH_L_LPAREN_e_RPAREN_,1,0.986509
EX_arbt_LPAREN_e_RPAREN_,1,0.986509
EX_arbtn_LPAREN_e_RPAREN_,1,0.986509
EX_arbtn_DASH_fe3_LPAREN_e_RPAREN_,1,0.986509
EX_arg_DASH_L_LPAREN_e_RPAREN_,1,0.986509
EX_ascb_DASH_L_LPAREN_e_RPAREN_,1,0.986509
EX_asn_DASH_L_LPAREN_e_RPAREN_,1,0.986509
EX_aso3_LPAREN_e_RPAREN_,1,0.986509
EX_asp_DASH_L_LPAREN_e_RPAREN_,1,0.986509
EX_btn_LPAREN_e_RPAREN_,1,0.986509
EX_but_LPAREN_e_RPAREN_,1,0.986509
EX_butso3_LPAREN_e_RPAREN_,1,0.986509
EX_ca2_LPAREN_e_RPAREN_,0,0
EX_cbi_LPAREN_e_RPAREN_,1,0.986509
EX_cbl1_LPAREN_e_RPAREN_,1,0.986509
EX_cd2_LPAREN_e_RPAREN_,1,0.986509
EX_cgly_LPAREN_e_RPAREN_,1,0.986509
EX_chol_LPAREN_e_RPAREN_,1,0.986509
EX_chtbs_LPAREN_e_RPAREN_,1,0.986509
EX_cit_LPAREN_e_RPAREN_,1,0.986509
EX_cl_LPAREN_e_RPAREN_,0,0
EX_cm_LPAREN_e_RPAREN_,1,0.986509
EX_cmp_LPAREN_e_RPAREN_,1,0.986509
EX_co2_LPAREN_e_RPAREN_,0.710597,0.701010336
EX_cobalt2_LPAREN_e_RPAREN_,0,0
EX_colipa_LPAREN_e_RPAREN_,1,0.986509
EX_colipap_LPAREN_e_RPAREN_,1,0.986509
EX_cpgn_LPAREN_e_RPAREN_,1,0.986509
EX_cpgn_DASH_un_LPAREN_e_RPAREN_,1,0.986509
EX_crn_LPAREN_e_RPAREN_,1,0.986509
EX_crn_DASH_D_LPAREN_e_RPAREN_,1,0.986509
EX_csn_LPAREN_e_RPAREN_,1,0.986509
EX_cu_LPAREN_e_RPAREN_,1,0.986509
EX_cu2_LPAREN_e_RPAREN_,0,0
EX_cyan_LPAREN_e_RPAREN_,1,0.986509
EX_cynt_LPAREN_e_RPAREN_,1,0.986509
EX_cys_DASH_D_LPAREN_e_RPAREN_,1,0.986509
EX_cys_DASH_L_LPAREN_e_RPAREN_,1,0.986509
EX_cytd_LPAREN_e_RPAREN_,1,0.986509
EX_dad_DASH_2_LPAREN_e_RPAREN_,1,0.986509
EX_damp_LPAREN_e_RPAREN_,1,0.986509
EX_dca_LPAREN_e_RPAREN_,1,0.986509
EX_dcmp_LPAREN_e_RPAREN_,1,0.986509
EX_dcyt_LPAREN_e_RPAREN_,1,0.986509
EX_ddca_LPAREN_e_RPAREN_,1,0.986509
EX_dgmp_LPAREN_e_RPAREN_,1,0.986509
EX_dgsn_LPAREN_e_RPAREN_,1,0.986509
EX_dha_LPAREN_e_RPAREN_,1,0.986509
EX_dimp_LPAREN_e_RPAREN_,1,0.986509
EX_din_LPAREN_e_RPAREN_,1,0.986509
EX_dms_LPAREN_e_RPAREN_,1,0.986509
EX_dmso_LPAREN_e_RPAREN_,1,0.986509
EX_dopa_LPAREN_e_RPAREN_,1,0.986509
EX_doxrbcn_LPAREN_e_RPAREN_,1,0.986509
EX_dtmp_LPAREN_e_RPAREN_,1,0.986509
EX_dump_LPAREN_e_RPAREN_,1,0.986509
EX_duri_LPAREN_e_RPAREN_,1,0.986509
EX_eca4colipa_LPAREN_e_RPAREN_,1,0.986509
EX_enlipa_LPAREN_e_RPAREN_,1,0.986509
EX_enter_LPAREN_e_RPAREN_,1,0.986509
EX_etha_LPAREN_e_RPAREN_,1,0.986509
EX_ethso3_LPAREN_e_RPAREN_,1,0.986509
EX_etoh_LPAREN_e_RPAREN_,1,0.986509
EX_f6p_LPAREN_e_RPAREN_,1,0.986509
EX_fald_LPAREN_e_RPAREN_,1,0.986509
EX_fe2_LPAREN_e_RPAREN_,0.999916,0.986426133
EX_fe3_LPAREN_e_RPAREN_,1,0.986509
EX_fe3dcit_LPAREN_e_RPAREN_,1,0.986509
EX_fe3dhbzs_LPAREN_e_RPAREN_,1,0.986509
EX_fe3hox_LPAREN_e_RPAREN_,1,0.986509
EX_fe3hox_DASH_un_LPAREN_e_RPAREN_,1,0.986509
EX_fecrm_LPAREN_e_RPAREN_,1,0.986509
EX_fecrm_DASH_un_LPAREN_e_RPAREN_,1,0.986509
EX_feenter_LPAREN_e_RPAREN_,1,0.986509
EX_feoxam_LPAREN_e_RPAREN_,1,0.986509
EX_feoxam_DASH_un_LPAREN_e_RPAREN_,1,0.986509
EX_for_LPAREN_e_RPAREN_,1,0.986509
EX_fru_LPAREN_e_RPAREN_,1,0.986509
EX_frulys_LPAREN_e_RPAREN_,1,0.986509
EX_fruur_LPAREN_e_RPAREN_,1,0.986509
EX_fuc_DASH_L_LPAREN_e_RPAREN_,1,0.986509
EX_fum_LPAREN_e_RPAREN_,1,0.986509
EX_fusa_LPAREN_e_RPAREN_,1,0.986509
EX_g1p_LPAREN_e_RPAREN_,1,0.986509
EX_g3pc_LPAREN_e_RPAREN_,1,0.986509
EX_g3pe_LPAREN_e_RPAREN_,1,0.986509
EX_g3pg_LPAREN_e_RPAREN_,1,0.986509
EX_g3pi_LPAREN_e_RPAREN_,1,0.986509
EX_g3ps_LPAREN_e_RPAREN_,1,0.986509
EX_g6p_LPAREN_e_RPAREN_,1,0.986509
EX_gal_LPAREN_e_RPAREN_,1,0.986509
EX_gal_DASH_bD_LPAREN_e_RPAREN_,1,0.986509
EX_gal1p_LPAREN_e_RPAREN_,1,0.986509
EX_galct_DASH_D_LPAREN_e_RPAREN_,1,0.986509
EX_galctn_DASH_D_LPAREN_e_RPAREN_,1,0.986509
EX_galctn_DASH_L_LPAREN_e_RPAREN_,1,0.986509
EX_galt_LPAREN_e_RPAREN_,1,0.986509
EX_galur_LPAREN_e_RPAREN_,1,0.986509
EX_gam_LPAREN_e_RPAREN_,1,0.986509
EX_gam6p_LPAREN_e_RPAREN_,1,0.986509
EX_gbbtn_LPAREN_e_RPAREN_,1,0.986509
EX_gdp_LPAREN_e_RPAREN_,1,0.986509
EX_glc_LPAREN_e_RPAREN_,-0.0170015,-0.016772133
EX_glcn_LPAREN_e_RPAREN_,1,0.986509
EX_glcr_LPAREN_e_RPAREN_,1,0.986509
EX_glcur_LPAREN_e_RPAREN_,1,0.986509
EX_glcur1p_LPAREN_e_RPAREN_,1,0.986509
EX_gln_DASH_L_LPAREN_e_RPAREN_,1,0.986509
EX_glu_DASH_L_LPAREN_e_RPAREN_,1,0.986509
EX_gly_LPAREN_e_RPAREN_,1,0.986509
EX_glyald_LPAREN_e_RPAREN_,1,0.986509
EX_glyb_LPAREN_e_RPAREN_,1,0.986509
EX_glyc_LPAREN_e_RPAREN_,1,0.986509
EX_glyc_DASH_R_LPAREN_e_RPAREN_,1,0.986509
EX_glyc2p_LPAREN_e_RPAREN_,1,0.986509
EX_glyc3p_LPAREN_e_RPAREN_,1,0.986509
EX_glyclt_LPAREN_e_RPAREN_,1,0.986509
EX_gmp_LPAREN_e_RPAREN_,1,0.986509
EX_gsn_LPAREN_e_RPAREN_,1,0.986509
EX_gthox_LPAREN_e_RPAREN_,1,0.986509
EX_gthrd_LPAREN_e_RPAREN_,1,0.986509
EX_gtp_LPAREN_e_RPAREN_,1,0.986509
EX_gua_LPAREN_e_RPAREN_,1,0.986509
EX_h_LPAREN_e_RPAREN_,1,0.986509
EX_h2_LPAREN_e_RPAREN_,1,0.986509
EX_h2o_LPAREN_e_RPAREN_,0.505782,0.498958495
EX_h2o2_LPAREN_e_RPAREN_,1,0.986509
EX_h2s_LPAREN_e_RPAREN_,1,0.986509
EX_hacolipa_LPAREN_e_RPAREN_,1,0.986509
EX_halipa_LPAREN_e_RPAREN_,1,0.986509
EX_hdca_LPAREN_e_RPAREN_,1,0.986509
EX_hdcea_LPAREN_e_RPAREN_,1,0.986509
EX_hg2_LPAREN_e_RPAREN_,1,0.986509
EX_his_DASH_L_LPAREN_e_RPAREN_,1,0.986509
EX_hom_DASH_L_LPAREN_e_RPAREN_,1,0.986509
EX_hxa_LPAREN_e_RPAREN_,1,0.986509
EX_hxan_LPAREN_e_RPAREN_,1,0.986509
EX_idon_DASH_L_LPAREN_e_RPAREN_,1,0.986509
EX_ile_DASH_L_LPAREN_e_RPAREN_,1,0.986509
EX_imp_LPAREN_e_RPAREN_,1,0.986509
EX_indole_LPAREN_e_RPAREN_,1,0.986509
EX_inost_LPAREN_e_RPAREN_,1,0.986509
EX_ins_LPAREN_e_RPAREN_,1,0.986509
EX_isetac_LPAREN_e_RPAREN_,1,0.986509
EX_k_LPAREN_e_RPAREN_,0,0
EX_kdo2lipid4_LPAREN_e_RPAREN_,1,0.986509
EX_lac_DASH_D_LPAREN_e_RPAREN_,1,0.986509
EX_lac_DASH_L_LPAREN_e_RPAREN_,1,0.986509
EX_lcts_LPAREN_e_RPAREN_,1,0.986509
EX_leu_DASH_L_LPAREN_e_RPAREN_,1,0.986509
EX_lipa_LPAREN_e_RPAREN_,1,0.986509
EX_lipa_cold_LPAREN_e_RPAREN_,1,0.986509
EX_lipoate_LPAREN_e_RPAREN_,1,0.986509
EX_lys_DASH_L_LPAREN_e_RPAREN_,1,0.986509
EX_lyx_DASH_L_LPAREN_e_RPAREN_,1,0.986509
EX_mal_DASH_D_LPAREN_e_RPAREN_,1,0.986509
EX_mal_DASH_L_LPAREN_e_RPAREN_,1,0.986509
EX_malt_LPAREN_e_RPAREN_,1,0.986509
EX_malthx_LPAREN_e_RPAREN_,1,0.986509
EX_maltpt_LPAREN_e_RPAREN_,1,0.986509
EX_malttr_LPAREN_e_RPAREN_,1,0.986509
EX_maltttr_LPAREN_e_RPAREN_,1,0.986509
EX_man_LPAREN_e_RPAREN_,1,0.986509
EX_man6p_LPAREN_e_RPAREN_,1,0.986509
EX_manglyc_LPAREN_e_RPAREN_,1,0.986509
EX_melib_LPAREN_e_RPAREN_,1,0.986509
EX_meoh_LPAREN_e_RPAREN_,0,0
EX_met_DASH_D_LPAREN_e_RPAREN_,1,0.986509
EX_met_DASH_L_LPAREN_e_RPAREN_,1,0.986509
EX_metsox_DASH_R_DASH_L_LPAREN_e_RPAREN_,1,0.986509
EX_metsox_DASH_S_DASH_L_LPAREN_e_RPAREN_,1,0.986509
EX_mg2_LPAREN_e_RPAREN_,0,0
EX_mincyc_LPAREN_e_RPAREN_,1,0.986509
EX_minohp_LPAREN_e_RPAREN_,1,0.986509
EX_mmet_LPAREN_e_RPAREN_,1,0.986509
EX_mn2_LPAREN_e_RPAREN_,0,0
EX_mnl_LPAREN_e_RPAREN_,1,0.986509
EX_mobd_LPAREN_e_RPAREN_,0,0
EX_mso3_LPAREN_e_RPAREN_,1,0.986509
EX_n2o_LPAREN_e_RPAREN_,1,0.986509
EX_na1_LPAREN_e_RPAREN_,1,0.986509
EX_nac_LPAREN_e_RPAREN_,1,0.986509
EX_nh4_LPAREN_e_RPAREN_,0,0
EX_ni2_LPAREN_e_RPAREN_,0,0
EX_nmn_LPAREN_e_RPAREN_,1,0.986509
EX_no_LPAREN_e_RPAREN_,1,0.986509
EX_no2_LPAREN_e_RPAREN_,1,0.986509
EX_no3_LPAREN_e_RPAREN_,1,0.986509
EX_novbcn_LPAREN_e_RPAREN_,1,0.986509
EX_o16a4colipa_LPAREN_e_RPAREN_,1,0.986509
EX_o2_LPAREN_e_RPAREN_,0.245836,0.242519427
EX_o2s_LPAREN_e_RPAREN_,1,0.986509
EX_ocdca_LPAREN_e_RPAREN_,1,0.986509
EX_ocdcea_LPAREN_e_RPAREN_,1,0.986509
EX_octa_LPAREN_e_RPAREN_,1,0.986509
EX_orn_LPAREN_e_RPAREN_,1,0.986509
EX_orot_LPAREN_e_RPAREN_,1,0.986509
EX_pacald_LPAREN_e_RPAREN_,1,0.986509
EX_peamn_LPAREN_e_RPAREN_,1,0.986509
EX_phe_DASH_L_LPAREN_e_RPAREN_,1,0.986509
EX_pheme_LPAREN_e_RPAREN_,1,0.986509
EX_pi_LPAREN_e_RPAREN_,7.92E-12,7.81764E-12
EX_pnto_DASH_R_LPAREN_e_RPAREN_,1,0.986509
EX_ppa_LPAREN_e_RPAREN_,1,0.986509
EX_ppal_LPAREN_e_RPAREN_,1,0.986509
EX_pppn_LPAREN_e_RPAREN_,1,0.986509
EX_ppt_LPAREN_e_RPAREN_,1,0.986509
EX_pro_DASH_L_LPAREN_e_RPAREN_,1,0.986509
EX_progly_LPAREN_e_RPAREN_,1,0.986509
EX_psclys_LPAREN_e_RPAREN_,1,0.986509
EX_pser_DASH_L_LPAREN_e_RPAREN_,1,0.986509
EX_ptrc_LPAREN_e_RPAREN_,1,0.986509
EX_pydam_LPAREN_e_RPAREN_,1,0.986509
EX_pydx_LPAREN_e_RPAREN_,1,0.986509
EX_pydxn_LPAREN_e_RPAREN_,1,0.986509
EX_pyr_LPAREN_e_RPAREN_,1,0.986509
EX_quin_LPAREN_e_RPAREN_,1,0.986509
EX_r5p_LPAREN_e_RPAREN_,1,0.986509
EX_rfamp_LPAREN_e_RPAREN_,1,0.986509
EX_rib_DASH_D_LPAREN_e_RPAREN_,1,0.986509
EX_rmn_LPAREN_e_RPAREN_,1,0.986509
EX_sbt_DASH_D_LPAREN_e_RPAREN_,1,0.986509
EX_sel_LPAREN_e_RPAREN_,1,0.986509
EX_ser_DASH_D_LPAREN_e_RPAREN_,1,0.986509
EX_ser_DASH_L_LPAREN_e_RPAREN_,1,0.986509
EX_skm_LPAREN_e_RPAREN_,1,0.986509
EX_slnt_LPAREN_e_RPAREN_,1,0.986509
EX_so2_LPAREN_e_RPAREN_,1,0.986509
EX_so3_LPAREN_e_RPAREN_,1,0.986509
EX_so4_LPAREN_e_RPAREN_,0,0
EX_spmd_LPAREN_e_RPAREN_,1,0.986509
EX_succ_LPAREN_e_RPAREN_,1,0.986509
EX_sucr_LPAREN_e_RPAREN_,1,0.986509
EX_sulfac_LPAREN_e_RPAREN_,1,0.986509
EX_tartr_DASH_D_LPAREN_e_RPAREN_,1,0.986509
EX_tartr_DASH_L_LPAREN_e_RPAREN_,1,0.986509
EX_taur_LPAREN_e_RPAREN_,1,0.986509
EX_tcynt_LPAREN_e_RPAREN_,1,0.986509
EX_thm_LPAREN_e_RPAREN_,1,0.986509
EX_thr_DASH_L_LPAREN_e_RPAREN_,1,0.986509
EX_thrp_LPAREN_e_RPAREN_,1,0.986509
EX_thym_LPAREN_e_RPAREN_,1,0.986509
EX_thymd_LPAREN_e_RPAREN_,1,0.986509
EX_tma_LPAREN_e_RPAREN_,1,0.986509
EX_tmao_LPAREN_e_RPAREN_,1,0.986509
EX_tre_LPAREN_e_RPAREN_,1,0.986509
EX_trp_DASH_L_LPAREN_e_RPAREN_,1,0.986509
EX_tsul_LPAREN_e_RPAREN_,1,0.986509
EX_ttdca_LPAREN_e_RPAREN_,1,0.986509
EX_ttdcea_LPAREN_e_RPAREN_,1,0.986509
EX_ttrcyc_LPAREN_e_RPAREN_,1,0.986509
EX_tungs_LPAREN_e_RPAREN_,1,0.986509
EX_tym_LPAREN_e_RPAREN_,1,0.986509
EX_tyr_DASH_L_LPAREN_e_RPAREN_,1,0.986509
EX_tyrp_LPAREN_e_RPAREN_,1,0.986509
EX_uacgam_LPAREN_e_RPAREN_,1,0.986509
EX_udpacgal_LPAREN_e_RPAREN_,1,0.986509
EX_udpg_LPAREN_e_RPAREN_,1,0.986509
EX_udpgal_LPAREN_e_RPAREN_,1,0.986509
EX_udpglcur_LPAREN_e_RPAREN_,1,0.986509
EX_ump_LPAREN_e_RPAREN_,1,0.986509
EX_ura_LPAREN_e_RPAREN_,1,0.986509
EX_urea_LPAREN_e_RPAREN_,1,0.986509
EX_uri_LPAREN_e_RPAREN_,1,0.986509
EX_val_DASH_L_LPAREN_e_RPAREN_,1,0.986509
EX_xan_LPAREN_e_RPAREN_,1,0.986509
EX_xmp_LPAREN_e_RPAREN_,1,0.986509
EX_xtsn_LPAREN_e_RPAREN_,1,0.986509
EX_xyl_DASH_D_LPAREN_e_RPAREN_,1,0.986509
EX_xylu_DASH_L_LPAREN_e_RPAREN_,1,0.986509
EX_zn2_LPAREN_e_RPAREN_,0,0
12DGR120tipp,1,0.986509
12DGR140tipp,1,0.986509
12DGR141tipp,1,0.986509
12DGR160tipp,1,0.986509
12DGR161tipp,1,0.986509
12DGR180tipp,1,0.986509
12DGR181tipp,1,0.986509
12PPDRtex,1,0.986509
12PPDRtpp,1,0.986509
12PPDStex,1,0.986509
12PPDStpp,1,0.986509
14GLUCANabcpp,1,0.986509
14GLUCANtexi,1,0.986509
23CAMPtex,1,0.986509
23CCMPtex,1,0.986509
23CGMPtex,1,0.986509
23CUMPtex,1,0.986509
23DAPPAt2pp,1,0.986509
23DAPPAtex,1,0.986509
23PDE2pp,1,0.986509
23PDE4pp,1,0.986509
23PDE7pp,1,0.986509
23PDE9pp,1,0.986509
26DAHtex,1,0.986509
2AGPA120tipp,1,0.986509
2AGPA140tipp,1,0.986509
2AGPA141tipp,1,0.986509
2AGPA160tipp,1,0.986509
2AGPA161tipp,1,0.986509
2AGPA180tipp,1,0.986509
2AGPA181tipp,1,0.986509
2AGPE120tipp,1,0.986509
2AGPE140tipp,1,0.986509
2AGPE141tipp,1,0.986509
2AGPE160tipp,1,0.986509
2AGPE161tipp,1,0.986509
2AGPE180tipp,1,0.986509
2AGPE181tipp,1,0.986509
2AGPEAT120,1,0.986509
2AGPEAT140,1,0.986509
2AGPEAT141,1,0.986509
2AGPEAT160,1,0.986509
2AGPEAT161,1,0.986509
2AGPEAT180,1,0.986509
2AGPEAT181,1,0.986509
2AGPG120tipp,1,0.986509
2AGPG140tipp,1,0.986509
2AGPG141tipp,1,0.986509
2AGPG160tipp,1,0.986509
2AGPG161tipp,1,0.986509
2AGPG180tipp,1,0.986509
2AGPG181tipp,1,0.986509
2AGPGAT120,1,0.986509
2AGPGAT140,1,0.986509
2AGPGAT141,1,0.986509
2AGPGAT160,1,0.986509
2AGPGAT161,1,0.986509
2AGPGAT180,1,0.986509
2AGPGAT181,1,0.986509
2DGULRGx,1,0.986509
2DGULRGy,1,0.986509
2DGULRx,1,0.986509
2DGULRy,1,0.986509
2MAHMP,1,0.986509
34dhpactex,1,0.986509
3AMACHYD,1,0.986509
3AMPtex,1,0.986509
3CMPtex,1,0.986509
3GMPtex,1,0.986509
3HAD100,1,0.986509
3HAD120,1,0.986509
3HAD121,1,0.986509
3HAD140,1,0.986509
3HAD141,1,0.986509
3HAD160,1,0.986509
3HAD161,1,0.986509
3HAD180,1,0.986509
3HAD181,1,0.986509
3HAD40,1,0.986509
3HAD60,1,0.986509
3HAD80,1,0.986509
3HCINNMH,1,0.986509
3HPPPNH,1,0.986509
3HPPtex,1,0.986509
3HPPtpp,1,0.986509
3KGK,1,0.986509
3NTD2pp,1,0.986509
3NTD4pp,1,0.986509
3NTD7pp,1,0.986509
3NTD9pp,1,0.986509
3OAR100,1,0.986509
3OAR120,1,0.986509
3OAR121,1,0.986509
3OAR140,0,0
3OAR141,1,0.986509
3OAR160,1,0.986509
3OAR161,1,0.986509
3OAR180,1,0.986509
3OAR181,1,0.986509
3OAR40,1,0.986509
3OAR60,1,0.986509
3OAR80,1,0.986509
3OAS100,1,0.986509
3OAS120,1,0.986509
3OAS121,1,0.986509
3OAS140,0,0
3OAS141,1,0.986509
3OAS160,1,0.986509
3OAS161,1,0.986509
3OAS180,1,0.986509
3OAS181,1,0.986509
3OAS60,1,0.986509
3OAS80,1,0.986509
3OXCOAT,1,0.986509
3PEPTabcpp,1,0.986509
3PEPTtex,1,0.986509
3UMPtex,1,0.986509
42A12BOOXpp,1,0.986509
4HOXPACDtex,1,0.986509
4HTHRS,1,0.986509
4PCP,1,0.986509
4PCPpp,1,0.986509
4PEPTabcpp,1,0.986509
4PEPTtex,1,0.986509
5DGLCNR,1,0.986509
5DGLCNt2rpp,1,0.986509
5DGLCNtex,1,0.986509
5DOAN,0,0
5MTRtex,1,0.986509
5MTRtpp,1,0.986509
A5PISO,0,0
AACPS1,1,0.986509
AACPS2,1,0.986509
AACPS3,0.999339,0.985856918
AACPS4,0.999221,0.985740509
AACPS5,1,0.986509
AACPS6,1,0.986509
AACPS7,0.999597,0.986111437
AACPS8,1,0.986509
AACPS9,1,0.986509
AACTOOR,1,0.986509
AADDGT,1,0.986509
AAMYL,1,0.986509
AAMYLpp,1,0.986509
AB6PGH,1,0.986509
ABTA,1,0.986509
ABUTD,1,0.986509
ABUTt2pp,1,0.986509
ABUTtex,1,0.986509
ACACCT,1,0.986509
ACACT1r,0.98948,0.976130925
ACACT2r,0.98948,0.976130925
ACACT3r,0.98948,0.976130925
ACACT4r,0.99347,0.980067096
ACACT5r,0.995217,0.981790527
ACACT6r,0.996273,0.982832281
ACACT7r,0.998561,0.985089414
ACACT8r,1,0.986509
ACACt2pp,1,0.986509
ACACtex,1,0.986509
ACALD,1,0.986509
ACALDtex,1,0.986509
ACALDtpp,1,0.986509
ACANTHAT,1,0.986509
ACBIPGT,1,0.986509
ACCOAC,0,0
ACCOAL,1,0.986509
ACGAL1PPpp,1,0.986509
ACGAL1Ptex,1,0.986509
ACGALtex,1,0.986509
ACGAM1PPpp,1,0.986509
ACGAM1Ptex,1,0.986509
ACGAMK,1,0.986509
ACGAMT,1,0.986509
ACGAptspp,1,0.986509
ACGAtex,1,0.986509
ACGK,0,0
ACGS,0,0
ACHBS,0,0
ACKr,1,0.986509
ACLS,0,0
ACM6PH,1,0.986509
ACMAMUT,1,0.986509
ACMANAptspp,1,0.986509
ACMANAtex,1,0.986509
ACMUMptspp,1,0.986509
ACMUMtex,1,0.986509
ACNAMt2pp,1,0.986509
ACNAMtex,1,0.986509
ACNML,1,0.986509
ACOAD1f,0.98948,0.976130925
ACOAD2f,0.98948,0.976130925
ACOAD3f,0.98948,0.976130925
ACOAD4f,0.99347,0.980067096
ACOAD5f,0.995217,0.981790527
ACOAD6f,0.997901,0.984438318
ACOAD7f,0.999339,0.985856918
ACOAD8f,1,0.986509
ACOATA,1,0.986509
ACODA,0,0
ACOLIPAabctex,1,0.986509
ACONIs,1,0.986509
ACONMT,1,0.986509
ACONTa,0,0
ACONTb,0,0
ACOTA,0,0
ACPPAT120,1,0.986509
ACPPAT140,1,0.986509
ACPPAT141,1,0.986509
ACPPAT160,1,0.986509
ACPPAT161,1,0.986509
ACPPAT180,1,0.986509
ACPPAT181,1,0.986509
ACPS1,1,0.986509
ACS,1,0.986509
ACSERtex,1,0.986509
ACSERtpp,1,0.986509
ACt2rpp,1,0.986509
ACt4pp,1,0.986509
ACtex,1,0.986509
ADA,1,0.986509
ADCL,0,0
ADCS,0,0
ADD,1,0.986509
ADEt2rpp,1,0.986509
ADEtex,1,0.986509
ADK1,1,0.986509
ADK3,1,0.986509
ADK4,1,0.986509
ADMDC,1,0.986509
ADNCYC,1,0.986509
ADNK1,1,0.986509
ADNUC,1,0.986509
ADNt2pp,1,0.986509
ADNt2rpp,1,0.986509
ADNtex,1,0.986509
ADOCBIK,1,0.986509
ADOCBLS,1,0.986509
ADOCBLabcpp,1,0.986509
ADOCBLtonex,1,0.986509
ADPRDP,1,0.986509
ADPT,1,0.986509
ADSK,0,0
ADSL1r,5.73E-14,5.65495E-14
ADSL2r,0,0
ADSS,5.73E-14,5.65495E-14
AGDC,1,0.986509
AGM3PA,1,0.986509
AGM3PApp,1,0.986509
AGM3PH,1,0.986509
AGM3Pt2pp,1,0.986509
AGM4PA,1,0.986509
AGM4PApp,1,0.986509
AGM4PCP,1,0.986509
AGM4PCPpp,1,0.986509
AGM4PH,1,0.986509
AGM4Pt2pp,1,0.986509
AGMH,1,0.986509
AGMHE,1,0.986509
AGMT,1,0.986509
AGMt2pp,1,0.986509
AGMtex,1,0.986509
AGPAT120,1,0.986509
AGPAT140,1,0.986509
AGPAT141,1,0.986509
AGPAT160,0,0
AGPAT161,0,0
AGPAT180,1,0.986509
AGPAT181,1,0.986509
AGPR,0,0
AGt3,1,0.986509
AHCYSNS,0,0
AICART,0,0
AIRC2,0,0
AIRC3,0,0
AKGDH,0.995268,0.981840839
AKGt2rpp,1,0.986509
AKGtex,1,0.986509
ALAALAD,1,0.986509
ALAALAabcpp,1,0.986509
ALAALAr,0,0
ALAALAtex,1,0.986509
ALAGLUE,1,0.986509
ALAR,0,0
ALATA_D2,1,0.986509
ALATA_L,1.00,0.986509
ALATA_L2,1,0.986509
ALATRS,1,0.986509
ALAabcpp,1,0.986509
ALAt2pp,1,0.986509
ALAt2rpp,1,0.986509
ALAt4pp,1,0.986509
ALAtex,1,0.986509
ALCD19,1,0.986509
ALCD2x,1,0.986509
ALDD19xr,1,0.986509
ALDD2x,1,0.986509
ALDD2y,1,0.986509
ALDD3y,1,0.986509
ALDD4,1,0.986509
ALLK,1,0.986509
ALLPI,1,0.986509
ALLTAMH,1,0.986509
ALLTN,1,0.986509
ALLTNt2rpp,1,0.986509
ALLTNtex,1,0.986509
ALLULPE,1,0.986509
ALLabcpp,1,0.986509
ALLtex,1,0.986509
ALPATE160pp,1,0.986509
ALPATG160pp,1,0.986509
ALR2,1,0.986509
ALR4x,1,0.986509
ALTRH,1,0.986509
AM3PA,1,0.986509
AM4PA,1,0.986509
AM4PCP,1,0.986509
AMALT1,1,0.986509
AMALT2,1,0.986509
AMALT3,1,0.986509
AMALT4,1,0.986509
AMANAPEr,1,0.986509
AMANK,1,0.986509
AMAOTr,0,0
AMMQLT8,1,0.986509
AMPMS2,0,0
AMPN,1,0.986509
AMPTASECG,1,0.986509
AMPTASEPG,1,0.986509
AMPtex,1,0.986509
ANHGMtex,1,0.986509
ANHMK,1,0.986509
ANPRT,0,0
ANS,0,0
AOBUTDs,1,0.986509
AOXSr2,0,0
AP4AH,1,0.986509
AP4AS,1,0.986509
AP5AH,1,0.986509
APCS,1,0.986509
APG3PAT120,1,0.986509
APG3PAT140,1,0.986509
APG3PAT141,1,0.986509
APG3PAT160,1,0.986509
APG3PAT161,1,0.986509
APG3PAT180,1,0.986509
APG3PAT181,1,0.986509
APH120,1,0.986509
APH140,1,0.986509
APH141,1,0.986509
APH160,1,0.986509
APH161,1,0.986509
APH180,1,0.986509
APH181,1,0.986509
APPLDHr,1,0.986509
APRAUR,0,0
ARAI,1,0.986509
ARBTNR1,1,0.986509
ARBTNR2,1,0.986509
ARBTNR3,1,0.986509
ARBTNabcpp,1,0.986509
ARBTNexs,1,0.986509
ARBTNtex,1,0.986509
ARBTNtonex,1,0.986509
ARBTNtpp,1,0.986509
ARBTptspp,1,0.986509
ARBTtex,1,0.986509
ARBabcpp,1,0.986509
ARBt2rpp,1,0.986509
ARBt3ipp,1,0.986509
ARBtex,1,0.986509
ARGAGMt7pp,1,0.986509
ARGDC,1,0.986509
ARGDCpp,1,0.986509
ARGORNt7pp,1,0.986509
ARGSL,0,0
ARGSS,0,0
ARGTRS,1,0.986509
ARGabcpp,1,0.986509
ARGt3pp,1,0.986509
ARGtex,1,0.986509
ASAD,0,0
ASCBPL,1,0.986509
ASCBptspp,1,0.986509
ASCBtex,1,0.986509
ASNN,1,0.986509
ASNNpp,1,0.986509
ASNS1,1,0.986509
ASNS2,0.999001,0.985523478
ASNTRS,1,0.986509
ASNabcpp,1,0.986509
ASNt2rpp,1,0.986509
ASNtex,1,0.986509
ASO3t8pp,1,0.986509
ASO3tex,1,0.986509
ASP1DC,0,0
ASPCT,0,0
ASPK,0,0
ASPO3,1,0.986509
ASPO4,1,0.986509
ASPO5,1,0.986509
ASPO6,0.999993,0.986502094
ASPT,1,0.986509
ASPTA,1.81E-15,1.78384E-15
ASPTRS,1,0.986509
ASPabcpp,1,0.986509
ASPt2_2pp,1,0.986509
ASPt2_3pp,1,0.986509
ASPt2pp,1,0.986509
ASPt2rpp,1,0.986509
ASPtex,1,0.986509
ASR,1,0.986509
AST,1,0.986509
ATHRDHr,1,0.986509
ATPHs,1,0.986509
ATPM,1.0133,0.99962957
ATPPRT,0,0
ATPS4rpp,0.4097,0.404172737
BALAt2pp,1,0.986509
BALAtex,1,0.986509
BETALDHx,1,0.986509
BETALDHy,1,0.986509
BMOCOS,0,0
BMOGDS1,0,0
BMOGDS2,0,0
BPNT,0,0
BSORx,1,0.986509
BSORy,1,0.986509
BTNt2ipp,1,0.986509
BTNtex,1,0.986509
BTS5,0,0
BUTCT,1,0.986509
BUTSO3abcpp,1,0.986509
BUTSO3tex,1,0.986509
BUTt2rpp,1,0.986509
BUTtex,1,0.986509
BWCOGDS1,1,0.986509
BWCOGDS2,1,0.986509
BWCOS,1,0.986509
CA2t3pp,1,0.986509
CA2tex,0,0
CADVtpp,1,0.986509
CAT,1,0.986509
CAt6pp,0,0
CBIAT,1,0.986509
CBItonex,1,0.986509
CBIuabcpp,1,0.986509
CBL1abcpp,1,0.986509
CBL1tonex,1,0.986509
CBLAT,1,0.986509
CBMD,1,0.986509
CBMKr,0.99483,0.981408748
CBPS,1,0.986509
CCGS,1,0.986509
CD2abcpp,1,0.986509
CD2t3pp,1,0.986509
CD2tex,1,0.986509
CD2tpp,1,0.986509
CDAPPA120,1,0.986509
CDAPPA140,1,0.986509
CDAPPA141,1,0.986509
CDAPPA160,1,0.986509
CDAPPA161,1,0.986509
CDAPPA180,1,0.986509
CDAPPA181,1,0.986509
CDGR,1,0.986509
CDGS,1,0.986509
CDPMEK,0,0
CFAS160E,1,0.986509
CFAS160G,1,0.986509
CFAS180E,1,0.986509
CFAS180G,1,0.986509
CGLYabcpp,1,0.986509
CGLYtex,1,0.986509
CHLabcpp,1,0.986509
CHLt2pp,1,0.986509
CHLtex,1,0.986509
CHOLD,1,0.986509
CHORM,0,0
CHORS,0,0
CHRPL,0,0
CHTBSptspp,1,0.986509
CHTBStex,1,0.986509
CINNDO,1,0.986509
CITL,1,0.986509
CITt3pp,1,0.986509
CITt7pp,1,0.986509
CITtex,1,0.986509
CLIPAabctex,1,0.986509
CLPNH120pp,1,0.986509
CLPNH140pp,1,0.986509
CLPNH141pp,1,0.986509
CLPNH160pp,1,0.986509
CLPNH161pp,1,0.986509
CLPNH180pp,1,0.986509
CLPNH181pp,1,0.986509
CLPNS120pp,1,0.986509
CLPNS140pp,1,0.986509
CLPNS141pp,1,0.986509
CLPNS160pp,1,0.986509
CLPNS161pp,1,0.986509
CLPNS180pp,1,0.986509
CLPNS181pp,1,0.986509
CLt3_2pp,0,0
CLtex,0,0
CMPN,1,0.986509
CMPtex,1,0.986509
CMtex,1,0.986509
CMtpp,1,0.986509
CO2tex,0.710597,0.701010336
CO2tpp,0.935463,0.922842669
COBALT2abcpp,1,0.986509
COBALT2t3pp,1,0.986509
COBALT2tex,0,0
COBALT2tpp,0,0
COLIPAKpp,1,0.986509
COLIPAPabctex,1,0.986509
COLIPAabcpp,1,0.986509
COLIPAabctex,1,0.986509
CPGNR1,1,0.986509
CPGNR2,1,0.986509
CPGNR3,1,0.986509
CPGNUtex,1,0.986509
CPGNUtpp,1,0.986509
CPGNabcpp,1,0.986509
CPGNexs,1,0.986509
CPGNtonex,1,0.986509
CPH4S,1,0.986509
CPMPS,0,0
CPPPGO,0.999957,0.98646658
CPPPGO2,1,0.986509
CRNBTCT,1,0.986509
CRNCAL2,1,0.986509
CRNCAR,1,0.986509
CRNCBCT,1,0.986509
CRNCDH,1,0.986509
CRNDCAL2,1,0.986509
CRNDabcpp,1,0.986509
CRNDt2rpp,1,0.986509
CRNDtex,1,0.986509
CRNabcpp,1,0.986509
CRNt2rpp,1,0.986509
CRNt7pp,1,0.986509
CRNt8pp,1,0.986509
CRNtex,1,0.986509
CS,0,0
CSND,1,0.986509
CSNt2pp,1,0.986509
CSNtex,1,0.986509
CTBTCAL2,1,0.986509
CTBTabcpp,1,0.986509
CTBTt2rpp,1,0.986509
CTECOAI6,1,0.986509
CTECOAI7,0.999221,0.985740509
CTECOAI8,1,0.986509
CTPS2,0,0
CU1Opp,1,0.986509
CU1abcpp,1,0.986509
CU2abcpp,1,0.986509
CU2tex,0,0
CU2tpp,0,0
CUt3,1,0.986509
CUtex,1,0.986509
CYANST,1,0.986509
CYANSTpp,1,0.986509
CYANtex,1,0.986509
CYNTAH,1,0.986509
CYNTt2pp,1,0.986509
CYNTtex,1,0.986509
CYSDDS,1,0.986509
CYSDS,1,0.986509
CYSDabcpp,1,0.986509
CYSDtex,1,0.986509
CYSS,0,0
CYSSADS,1,0.986509
CYSTL,0,0
CYSTRS,1,0.986509
CYSabc2pp,1,0.986509
CYSabcpp,1,0.986509
CYStex,1,0.986509
CYStpp,1,0.986509
CYTBD2pp,1,0.986509
CYTBDpp,1,0.986509
CYTBO3_4pp,0.909607,0.897335492
CYTD,1,0.986509
CYTDH,1,0.986509
CYTDK2,1,0.986509
CYTDt2pp,1,0.986509
CYTDt2rpp,1,0.986509
CYTDtex,1,0.986509
CYTK1,0.997754,0.984293301
CYTK2,1,0.986509
D_DASH_LACt2pp,1,0.986509
D_DASH_LACtex,1,0.986509
DAAD,1,0.986509
DADA,1,0.986509
DADK,1,0.986509
DADNt2pp,1,0.986509
DADNtex,1,0.986509
DAGK120,1,0.986509
DAGK140,1,0.986509
DAGK141,1,0.986509
DAGK160,1,0.986509
DAGK161,1,0.986509
DAGK180,1,0.986509
DAGK181,1,0.986509
DALAt2pp,0.999353,0.985870729
DALAtex,1,0.986509
DAMPtex,1,0.986509
DAPAL,1,0.986509
DAPDC,0,0
DAPE,0,0
DAPabcpp,1,0.986509
DAPtex,1,0.986509
DASYN120,1,0.986509
DASYN140,1,0.986509
DASYN141,1,0.986509
DASYN160,0,0
DASYN161,0,0
DASYN180,1,0.986509
DASYN181,1,0.986509
DATPHs,1,0.986509
DB4PS,0,0
DBTS,0,0
DC6PH,1,0.986509
DCAtex,1,0.986509
DCMPtex,1,0.986509
DCTPD,1,0.986509
DCYTD,1,0.986509
DCYTt2pp,1,0.986509
DCYTtex,1,0.986509
DDCAtexi,1,0.986509
DDGALK,1,0.986509
DDGLCNt2rpp,1,0.986509
DDGLCNtex,1,0.986509
DDGLK,1,0.986509
DDPA,0,0
DDPGALA,1,0.986509
DGK1,1,0.986509
DGMPtex,1,0.986509
DGSNt2pp,1,0.986509
DGSNtex,1,0.986509
DHACOAH,1,0.986509
DHAD1,0,0
DHAD2,0,0
DHAPT,1,0.986509
DHAtex,1,0.986509
DHAtpp,1,0.986509
DHBD,1,0.986509
DHBS,1,0.986509
DHBSH,1,0.986509
DHCIND,1,0.986509
DHCINDO,1,0.986509
DHDPRy,0,0
DHDPS,0,0
DHFR,0,0
DHFS,0,0
DHMPTR,1,0.986509
DHNAOT4,1,0.986509
DHNCOAS,1,0.986509
DHNCOAT,1,0.986509
DHNPA2r,0,0
DHNPTE,1,0.986509
DHORD2,1,0.986509
DHORD5,1,0.986509
DHORDfum,1,0.986509
DHORTS,0,0
DHPPD,1,0.986509
DHPPDA2,0,0
DHPS2,0,0
DHPTDCs2,0,0
DHPTDNR,1,0.986509
DHPTDNRN,1,0.986509
DHPTPE,1,0.986509
DHQS,0,0
DHQTi,0,0
DIMPtex,1,0.986509
DINSt2pp,1,0.986509
DINStex,1,0.986509
DKGLCNR1,1,0.986509
DKGLCNR2x,1,0.986509
DKGLCNR2y,1,0.986509
DMATT,0,0
DMPPS,1,0.986509
DMQMT,1,0.986509
DMSOR1,1,0.986509
DMSOR1pp,1,0.986509
DMSOR2,1,0.986509
DMSOR2pp,1,0.986509
DMSOtex,1,0.986509
DMSOtpp,1,0.986509
DMStex,1,0.986509
DNMPPA,0,0
DNTPPA,0,0
DOGULNR,1,0.986509
DOPAtex,1,0.986509
DOXRBCNtex,1,0.986509
DOXRBCNtpp,1,0.986509
DPCOAK,0,0
DPR,0,0
DRPA,1,0.986509
DSBAO1,1,0.986509
DSBAO2,1,0.986509
DSBCGT,1,0.986509
DSBDR,1,0.986509
DSBGGT,1,0.986509
DSERDHr,1,0.986509
DSERt2pp,1,0.986509
DSERtex,1,0.986509
DTARTD,1,0.986509
DTMPK,0,0
DTMPtex,1,0.986509
DUMPtex,1,0.986509
DURADx,1,0.986509
DURIK1,1,0.986509
DURIPP,1,0.986509
DURIt2pp,1,0.986509
DURItex,1,0.986509
DUTPDP,0.999892,0.986402457
DXPRIi,0,0
DXPS,0,0
DXYLK,1,0.986509
E4PD,0,0
EAR100x,1,0.986509
EAR100y,1,0.986509
EAR120x,1,0.986509
EAR120y,1,0.986509
EAR121x,1,0.986509
EAR121y,1,0.986509
EAR140x,1,0.986509
EAR140y,1,0.986509
EAR141x,1,0.986509
EAR141y,1,0.986509
EAR160x,1,0.986509
EAR160y,1,0.986509
EAR161x,1,0.986509
EAR161y,1,0.986509
EAR180x,1,0.986509
EAR180y,1,0.986509
EAR181x,1,0.986509
EAR181y,1,0.986509
EAR40x,1,0.986509
EAR40y,1,0.986509
EAR60x,1,0.986509
EAR60y,1,0.986509
EAR80x,1,0.986509
EAR80y,1,0.986509
ECA4COLIPAabctex,1,0.986509
ECA4OALpp,1,0.986509
ECAP1pp,1,0.986509
ECAP2pp,1,0.986509
ECAP3pp,1,0.986509
ECAtpp,1,0.986509
ECOAH1,0.98948,0.976130925
ECOAH2,0.98948,0.976130925
ECOAH3,0.98948,0.976130925
ECOAH4,0.99347,0.980067096
ECOAH5,0.995217,0.981790527
ECOAH6,0.996273,0.982832281
ECOAH7,0.998561,0.985089414
ECOAH8,1,0.986509
EDA,1,0.986509
EDD,1,0.986509
EDTXS1,1,0.986509
EDTXS2,1,0.986509
EDTXS3,1,0.986509
EDTXS4,1,0.986509
EGMEACPR,0,0
ENLIPAabctex,1,0.986509
ENO,0.921177,0.908749401
ENTCS,1,0.986509
ENTERES,1,0.986509
ENTERES2,1,0.986509
EPMEACPR,0,0
ETHAAL,1,0.986509
ETHAt2pp,1,0.986509
ETHAtex,1,0.986509
ETHSO3abcpp,1,0.986509
ETHSO3tex,1,0.986509
ETOHtex,1,0.986509
ETOHtrpp,1,0.986509
F6PA,1,0.986509
F6PP,1,0.986509
F6Pt6_2pp,1,0.986509
F6Ptex,1,0.986509
FA100ACPHi,1,0.986509
FA120ACPHi,1,0.986509
FA140ACPHi,1,0.986509
FA141ACPHi,1,0.986509
FA160ACPHi,1,0.986509
FA161ACPHi,1,0.986509
FA80ACPHi,1,0.986509
FACOAE100,1,0.986509
FACOAE120,0.999597,0.986111437
FACOAE140,1,0.986509
FACOAE141,1,0.986509
FACOAE160,0.999339,0.985856918
FACOAE161,0.999221,0.985740509
FACOAE180,1,0.986509
FACOAE181,1,0.986509
FACOAE60,1,0.986509
FACOAE80,1,0.986509
FACOAL100t2pp,1,0.986509
FACOAL120t2pp,1,0.986509
FACOAL140t2pp,1,0.986509
FACOAL141t2pp,1,0.986509
FACOAL160t2pp,1,0.986509
FACOAL161t2pp,1,0.986509
FACOAL180t2pp,1,0.986509
FACOAL181t2pp,1,0.986509
FACOAL60t2pp,1,0.986509
FACOAL80t2pp,1,0.986509
FADRx,0.997739,0.984278503
FADRx2,1,0.986509
FALDH2,1,0.986509
FALDtex,1,0.986509
FALDtpp,1,0.986509
FALGTHLs,1,0.986509
FBA,1,0.986509
FBA3,1,0.986509
FBP,1,0.986509
FCI,1,0.986509
FCLK,1,0.986509
FCLPA,1,0.986509
FCLT,0,0
FDH4pp,1,0.986509
FDH5pp,1,0.986509
FDMO,1,0.986509
FDMO2,1,0.986509
FDMO3,1,0.986509
FDMO4,1,0.986509
FDMO6,1,0.986509
FE2abcpp,1,0.986509
FE2t2pp,1,0.986509
FE2t3pp,1,0.986509
FE2tex,0.999916,0.986426133
FE2tpp,0.999984,0.986493216
FE3DCITabcpp,1,0.986509
FE3DCITtonex,1,0.986509
FE3DHBZR,1,0.986509
FE3DHBZSabcpp,1,0.986509
FE3DHBZStonex,1,0.986509
FE3HOXR1,1,0.986509
FE3HOXR2,1,0.986509
FE3HOXR3,1,0.986509
FE3HOXUtex,1,0.986509
FE3HOXUtpp,1,0.986509
FE3HOXabcpp,1,0.986509
FE3HOXexs,1,0.986509
FE3HOXtonex,1,0.986509
FE3Ri,1,0.986509
FE3abcpp,1,0.986509
FE3tex,1,0.986509
FECRMR1,1,0.986509
FECRMR2,1,0.986509
FECRMR3,1,0.986509
FECRMUtex,1,0.986509
FECRMUtpp,1,0.986509
FECRMabcpp,1,0.986509
FECRMexs,1,0.986509
FECRMtonex,1,0.986509
FEENTERR1,1,0.986509
FEENTERR2,1,0.986509
FEENTERR3,1,0.986509
FEENTERabcpp,1,0.986509
FEENTERexs,1,0.986509
FEENTERtex,1,0.986509
FEENTERtonex,1,0.986509
FEENTERtpp,1,0.986509
FEOXAMR1,1,0.986509
FEOXAMR2,1,0.986509
FEOXAMR3,1,0.986509
FEOXAMUtex,1,0.986509
FEOXAMUtpp,1,0.986509
FEOXAMabcpp,1,0.986509
FEOXAMexs,1,0.986509
FEOXAMtonex,1,0.986509
FEROpp,1,0.986509
FESD1s,0.999988,0.986497162
FESD2s,1,0.986509
FESR,0.999988,0.986497162
FFSD,1,0.986509
FHL,1,0.986509
FLDR2,1,0.986509
FLVR,1,0.986509
FLVRx,1,0.986509
FMETTRS,1,0.986509
FMNAT,0,0
FMNRx,1,0.986509
FMNRx2,1,0.986509
FOMETRi,1,0.986509
FORCT,1,0.986509
FORt2pp,1,0.986509
FORtex,1,0.986509
FORtppi,1,0.986509
FRD2,1,0.986509
FRD3,1,0.986509
FRUK,1,0.986509
FRULYSDG,1,0.986509
FRULYSE,1,0.986509
FRULYSK,1,0.986509
FRULYSt2pp,1,0.986509
FRULYStex,1,0.986509
FRUURt2rpp,1,0.986509
FRUURtex,1,0.986509
FRUpts2pp,1,0.986509
FRUptspp,1,0.986509
FRUtex,1,0.986509
FTHFD,1,0.986509
FTHFLi,1,0.986509
FUCtex,1,0.986509
FUCtpp,1,0.986509
FUM,0.918908,0.906511012
FUMt2_2pp,1,0.986509
FUMt2_3pp,1,0.986509
FUMtex,1,0.986509
FUSAtex,1,0.986509
FUSAtpp,1,0.986509
G1PACT,0,0
G1PPpp,1,0.986509
G1PTT,1,0.986509
G1Ptex,1,0.986509
G1SAT,0,0
G2PP,1,0.986509
G2PPpp,1,0.986509
G3PAT120,1,0.986509
G3PAT140,1,0.986509
G3PAT141,1,0.986509
G3PAT160,1,0.986509
G3PAT161,1,0.986509
G3PAT180,1,0.986509
G3PAT181,1,0.986509
G3PCabcpp,1,0.986509
G3PCtex,1,0.986509
G3PD2,0,0
G3PD5,1,0.986509
G3PD6,1,0.986509
G3PD7,1,0.986509
G3PEabcpp,1,0.986509
G3PEtex,1,0.986509
G3PGabcpp,1,0.986509
G3PGtex,1,0.986509
G3PIabcpp,1,0.986509
G3PItex,1,0.986509
G3PSabcpp,1,0.986509
G3PStex,1,0.986509
G3PT,1,0.986509
G5SADs,0,0
G5SD,0.999084,0.985605358
G6PDA,1,0.986509
G6PDH2r,0.993017,0.979620208
G6PP,1,0.986509
G6Pt6_2pp,1,0.986509
G6Ptex,1,0.986509
GAL1PPpp,1,0.986509
GAL1Ptex,1,0.986509
GALBDtex,1,0.986509
GALCTD,1,0.986509
GALCTLO,1,0.986509
GALCTND,1,0.986509
GALCTNLt2pp,1,0.986509
GALCTNLtex,1,0.986509
GALCTNt2pp,1,0.986509
GALCTNtex,1,0.986509
GALCTt2rpp,1,0.986509
GALCTtex,1,0.986509
GALKr,1,0.986509
GALM2pp,1,0.986509
GALS3,1,0.986509
GALT1,1,0.986509
GALTptspp,1,0.986509
GALTtex,1,0.986509
GALURt2rpp,1,0.986509
GALURtex,1,0.986509
GALUi,1,0.986509
GALabcpp,1,0.986509
GALt2pp,1,0.986509
GALtex,1,0.986509
GAM6Pt6_2pp,1,0.986509
GAMAN6Ptex,1,0.986509
GAMptspp,1,0.986509
GAMtex,1,0.986509
GAPD,0.871422,0.859665646
GARFT,0.998436,0.9849661
GART,1,0.986509
GBBTNtex,1,0.986509
GCALDD,0,0
GDMANE,1,0.986509
GDPDPK,1,0.986509
GDPMNH,1,0.986509
GDPMNP,1,0.986509
GDPTPDP,1,0.986509
GDPtex,1,0.986509
GF6PTA,0,0
GGGABADr,1,0.986509
GGGABAH,1,0.986509
GGPTRCO,1,0.986509
GGPTRCS,1,0.986509
GHBDHx,1,0.986509
GHMT2r,0.985737,0.972438422
GK1,0,0
GLBRAN2,1,0.986509
GLCATr,1,0.986509
GLCDpp,1,0.986509
GLCNt2rpp,1,0.986509
GLCNtex,1,0.986509
GLCP,1,0.986509
GLCP2,1,0.986509
GLCRAL,1,0.986509
GLCRD,1,0.986509
GLCRt2rpp,1,0.986509
GLCRtex,1,0.986509
GLCS1,1,0.986509
GLCTR1,1,0.986509
GLCTR2,1,0.986509
GLCTR3,1,0.986509
GLCUR1Ptex,1,0.986509
GLCURt2rpp,1,0.986509
GLCURtex,1,0.986509
GLCabcpp,1,0.986509
GLCptspp,0.989445,0.976096398
GLCt2pp,1,0.986509
GLCtex,1,0.986509
GLCtexi,1,0.986509
GLDBRAN2,1,0.986509
GLGC,1,0.986509
GLNS,0,0
GLNTRS,1,0.986509
GLNabcpp,1,0.986509
GLNtex,1,0.986509
GLTPD,1,0.986509
GLU5K,0.999084,0.985605358
GLUABUTt7pp,1,0.986509
GLUCYS,1,0.986509
GLUDC,1,0.986509
GLUDy,0.965799,0.952769406
GLUN,1,0.986509
GLUNpp,1,0.986509
GLUPRT,0,0
GLUR,0,0
GLUSy,1,0.986509
GLUTRR,0,0
GLUTRS,0,0
GLUabcpp,1,0.986509
GLUt2rpp,1,0.986509
GLUt4pp,1,0.986509
GLUtex,1,0.986509
GLXCL,1,0.986509
GLYALDtex,1,0.986509
GLYALDtpp,1,0.986509
GLYAT,1,0.986509
GLYBabcpp,1,0.986509
GLYBt2pp,1,0.986509
GLYBtex,1,0.986509
GLYC2Pabcpp,1,0.986509
GLYC2Ptex,1,0.986509
GLYC3Pabcpp,1,0.986509
GLYC3Pt6pp,1,0.986509
GLYC3Ptex,1,0.986509
GLYCAt2rpp,1,0.986509
GLYCAtex,1,0.986509
GLYCDx,1,0.986509
GLYCK,1,0.986509
GLYCK2,1,0.986509
GLYCL,0.99983,0.986341293
GLYCLTDx,1,0.986509
GLYCLTDy,1,0.986509
GLYCLTt2rpp,1,0.986509
GLYCLTt4pp,1,0.986509
GLYCLTtex,1,0.986509
GLYCTO2,1,0.986509
GLYCTO3,1,0.986509
GLYCTO4,1,0.986509
GLYCtex,1,0.986509
GLYCtpp,1,0.986509
GLYK,1,0.986509
GLYOX,1,0.986509
GLYOX3,1,0.986509
GLYTRS,1,0.986509
GLYt2pp,1,0.986509
GLYt2rpp,1,0.986509
GLYt4pp,1,0.986509
GLYtex,1,0.986509
GMAND,1,0.986509
GMHEPAT,1,0.986509
GMHEPK,1,0.986509
GMHEPPA,1,0.986509
GMPR,1,0.986509
GMPS2,0,0
GMPtex,1,0.986509
GND,0.99,0.979620208
GNK,1,0.986509
GOFUCR,1,0.986509
GP4GH,1,0.986509
GPDDA1,1,0.986509
GPDDA1pp,1,0.986509
GPDDA2,1,0.986509
GPDDA2pp,1,0.986509
GPDDA3,1,0.986509
GPDDA3pp,1,0.986509
GPDDA4,1,0.986509
GPDDA4pp,1,0.986509
GPDDA5,1,0.986509
GPDDA5pp,1,0.986509
GRTT,0,0
GRXR,1,0.986509
GSNK,1,0.986509
GSNt2pp,1,0.986509
GSNtex,1,0.986509
GSPMDA,1,0.986509
GSPMDS,1,0.986509
GTHOXtex,1,0.986509
GTHOr,1,0.986509
GTHPi,1,0.986509
GTHRDHpp,1,0.986509
GTHRDabc2pp,1,0.986509
GTHRDabcpp,1,0.986509
GTHRDtex,1,0.986509
GTHS,1,0.986509
GTPCI,0,0
GTPCII2,0,0
GTPDPDP,1,0.986509
GTPDPK,1,0.986509
GTPHs,1,0.986509
GTPtex,1,0.986509
GUACYC,1,0.986509
GUAD,1,0.986509
GUAPRT,1,0.986509
GUAt2pp,1,0.986509
GUAtex,1,0.986509
GUAtpp,1,0.986509
GUI1,1,0.986509
GUI2,1,0.986509
GUR1PPpp,1,0.986509
H2O2tex,1,0.986509
H2Otex,0.505782,0.498958495
H2Otpp,0.505782,0.498958495
H2SO,1,0.986509
H2St1pp,1,0.986509
H2Stex,1,0.986509
H2tex,1,0.986509
H2tpp,1,0.986509
HACD1,0.98948,0.976130925
HACD2,0.98948,0.976130925
HACD3,0.98948,0.976130925
HACD4,0.99347,0.980067096
HACD5,0.995217,0.981790527
HACD6,0.996273,0.982832281
HACD7,0.998561,0.985089414
HACD8,1,0.986509
HADPCOADH3,1,0.986509
HBZOPT,0,0
HCINNMt2rpp,1,0.986509
HCINNMtex,1,0.986509
HCO3E,0,0
HCYSMT,1,0.986509
HCYSMT2,1,0.986509
HDCAtexi,1,0.986509
HDCEAtexi,1,0.986509
HEMEOS,1,0.986509
HEPK1,1,0.986509
HEPK2,1,0.986509
HEPT1,1,0.986509
HEPT2,1,0.986509
HEPT3,1,0.986509
HEPT4,1,0.986509
HETZK,1,0.986509
HEX1,1,0.986509
HEX4,1,0.986509
HEX7,1,0.986509
HEXt2rpp,1,0.986509
HG2abcpp,1,0.986509
HG2t3pp,1,0.986509
HG2tex,1,0.986509
HISTD,0,0
HISTP,0,0
HISTRS,1,0.986509
HISabcpp,1,0.986509
HISt2rpp,1,0.986509
HIStex,1,0.986509
HKNDDH,1,0.986509
HKNTDH,1,0.986509
HMBS,0,0
HMPK1,1,0.986509
HOMt2pp,1,0.986509
HOMtex,1,0.986509
HOPNTAL,1,0.986509
HPPK2,0,0
HPPPNDO,1,0.986509
HPPPNt2rpp,1,0.986509
HPPPNtex,1,0.986509
HPYRI,1,0.986509
HPYRRx,1,0.986509
HPYRRy,1,0.986509
HSDy,0,0
HSK,0,0
HSST,0,0
HSTPT,0,0
HXAND,1,0.986509
HXAtex,1,0.986509
HXCT,1,0.986509
HXPRT,1,0.986509
HYD1pp,1,0.986509
HYD2pp,1,0.986509
HYD3pp,1,0.986509
HYPOE,1,0.986509
HYXNtex,1,0.986509
HYXNtpp,1,0.986509
Htex,1,0.986509
I2FE2SR,1,0.986509
I2FE2SS,0.999998,0.986507027
I2FE2SS2,0.999998,0.986507027
I2FE2ST,1,0.986509
I4FE4SR,0.999998,0.986507027
I4FE4ST,0.999998,0.986507027
ICDHyr,0,0
ICHORS,1,0.986509
ICHORSi,1,0.986509
ICHORT,1,0.986509
ICL,1,0.986509
ICYSDS,0,0
IDOND,1,0.986509
IDOND2,1,0.986509
IDONt2rpp,1,0.986509
IDONtex,1,0.986509
IG3PS,0,0
IGPDH,0,0
IGPS,0,0
ILETA,0,0
ILETRS,1,0.986509
ILEabcpp,1,0.986509
ILEt2rpp,1,0.986509
ILEtex,1,0.986509
IMPC,0,0
IMPD,0.99899,0.985512626
IMPtex,1,0.986509
INDOLEt2pp,1,0.986509
INDOLEt2rpp,1,0.986509
INDOLEtex,1,0.986509
INOSTt4pp,1,0.986509
INSH,1,0.986509
INSK,1,0.986509
INSTtex,1,0.986509
INSt2pp,1,0.986509
INSt2rpp,1,0.986509
INStex,1,0.986509
IPDDI,1,0.986509
IPDPS,1,0.986509
IPMD,0,0
IPPMIa,0,0
IPPMIb,0,0
IPPS,0,0
ISETACabcpp,1,0.986509
ISETACtex,1,0.986509
K2L4Aabcpp,0,0
K2L4Aabctex,0,0
KARA1,0,0
KARA2,0,0
KAS14,1,0.986509
KAS15,1,0.986509
KDOCT2,0,0
KDOPP,0,0
KDOPS,0,0
KG6PDC,1,0.986509
Kabcpp,1,0.986509
Kt2pp,0.999393,0.985910189
Kt3pp,1,0.986509
Ktex,0,0
L_DASH_LACD2,1,0.986509
L_DASH_LACD3,1,0.986509
L_DASH_LACt2rpp,1,0.986509
L_DASH_LACtex,1,0.986509
LA4NTpp,1,0.986509
LACZ,1,0.986509
LACZpp,1,0.986509
LADGMDH,1,0.986509
LALADGLUtex,1,0.986509
LALADGLUtpp,1,0.986509
LALALGLUtex,1,0.986509
LALALGLUtpp,1,0.986509
LALDO2x,1,0.986509
LALDO3,1,0.986509
LALGP,1,0.986509
LCADi,1,0.986509
LCARR,1,0.986509
LCARS,1,0.986509
LCTSt3ipp,1,0.986509
LCTStex,1,0.986509
LCTStpp,1,0.986509
LDH_D,1,0.986509
LDH_D2,1,0.986509
LEUTAi,0,0
LEUTRS,1,0.986509
LEUabcpp,1,0.986509
LEUt2rpp,1,0.986509
LEUtex,1,0.986509
LGTHL,1,0.986509
LIPACabcpp,1,0.986509
LIPAHT2ex,1,0.986509
LIPAHTex,1,0.986509
LIPAMPL,1,0.986509
LIPATPT,1,0.986509
LIPAabcpp,1,0.986509
LIPAabctex,1,0.986509
LIPOCT,1,0.986509
LIPOS,1,0.986509
LIPOt2pp,1,0.986509
LIPOtex,1,0.986509
LPADSS,0,0
LPLIPAL1A120pp,1,0.986509
LPLIPAL1A140pp,1,0.986509
LPLIPAL1A141pp,1,0.986509
LPLIPAL1A160pp,1,0.986509
LPLIPAL1A161pp,1,0.986509
LPLIPAL1A180pp,1,0.986509
LPLIPAL1A181pp,1,0.986509
LPLIPAL1E120pp,1,0.986509
LPLIPAL1E140pp,1,0.986509
LPLIPAL1E141pp,1,0.986509
LPLIPAL1E160pp,1,0.986509
LPLIPAL1E161pp,1,0.986509
LPLIPAL1E180pp,1,0.986509
LPLIPAL1E181pp,1,0.986509
LPLIPAL1G120pp,1,0.986509
LPLIPAL1G140pp,1,0.986509
LPLIPAL1G141pp,1,0.986509
LPLIPAL1G160pp,1,0.986509
LPLIPAL1G161pp,1,0.986509
LPLIPAL1G180pp,1,0.986509
LPLIPAL1G181pp,1,0.986509
LPLIPAL2A120,1,0.986509
LPLIPAL2A140,1,0.986509
LPLIPAL2A141,1,0.986509
LPLIPAL2A160,1,0.986509
LPLIPAL2A161,1,0.986509
LPLIPAL2A180,1,0.986509
LPLIPAL2A181,1,0.986509
LPLIPAL2ATE120,1,0.986509
LPLIPAL2ATE140,1,0.986509
LPLIPAL2ATE141,1,0.986509
LPLIPAL2ATE160,1,0.986509
LPLIPAL2ATE161,1,0.986509
LPLIPAL2ATE180,1,0.986509
LPLIPAL2ATE181,1,0.986509
LPLIPAL2ATG120,1,0.986509
LPLIPAL2ATG140,1,0.986509
LPLIPAL2ATG141,1,0.986509
LPLIPAL2ATG160,1,0.986509
LPLIPAL2ATG161,1,0.986509
LPLIPAL2ATG180,1,0.986509
LPLIPAL2ATG181,1,0.986509
LPLIPAL2E120,1,0.986509
LPLIPAL2E140,1,0.986509
LPLIPAL2E141,1,0.986509
LPLIPAL2E160,1,0.986509
LPLIPAL2E161,1,0.986509
LPLIPAL2E180,1,0.986509
LPLIPAL2E181,1,0.986509
LPLIPAL2G120,1,0.986509
LPLIPAL2G140,1,0.986509
LPLIPAL2G141,1,0.986509
LPLIPAL2G160,1,0.986509
LPLIPAL2G161,1,0.986509
LPLIPAL2G180,1,0.986509
LPLIPAL2G181,1,0.986509
LSERDHr,1,0.986509
LYSDC,1,0.986509
LYSTRS,1,0.986509
LYSabcpp,1,0.986509
LYSt2pp,1,0.986509
LYSt3pp,1,0.986509
LYStex,1,0.986509
LYXI,1,0.986509
LYXt2pp,1,0.986509
LYXtex,1,0.986509
M1PD,1,0.986509
MACPD,1,0.986509
MALCOAMT,0,0
MALDDH,1,0.986509
MALDt2_2pp,1,0.986509
MALDtex,1,0.986509
MALS,0.999998,0.986507027
MALTATr,1,0.986509
MALTHXabcpp,1,0.986509
MALTHXtexi,1,0.986509
MALTPTabcpp,1,0.986509
MALTPTtexi,1,0.986509
MALTTRabcpp,1,0.986509
MALTTRtexi,1,0.986509
MALTTTRabcpp,1,0.986509
MALTTTRtexi,1,0.986509
MALTabcpp,1,0.986509
MALTptspp,1,0.986509
MALTtexi,1,0.986509
MALt2_2pp,1,0.986509
MALt2_3pp,1,0.986509
MALt3pp,1,0.986509
MALtex,1,0.986509
MAN1PT2,1,0.986509
MAN6PI,1,0.986509
MAN6Pt6_2pp,1,0.986509
MAN6Ptex,1,0.986509
MANAO,1,0.986509
MANGLYCptspp,1,0.986509
MANGLYCtex,1,0.986509
MANPGH,1,0.986509
MANptspp,1,0.986509
MANtex,1,0.986509
MCITD,1,0.986509
MCITL2,1,0.986509
MCITS,1,0.986509
MCOATA,0,0
MCPST,1,0.986509
MCTP1App,0,0
MCTP1Bpp,1,0.986509
MCTP2App,1,0.986509
MDDCP1pp,1,0.986509
MDDCP2pp,1,0.986509
MDDCP3pp,1,0.986509
MDDCP4pp,1,0.986509
MDDCP5pp,1,0.986509
MDDEP1pp,1,0.986509
MDDEP2pp,1,0.986509
MDDEP3pp,1,0.986509
MDDEP4pp,1,0.986509
MDH,0.983736,0.970464418
MDH2,1,0.986509
MDH3,1,0.986509
ME1,1,0.986509
ME2,1,0.986509
MECDPDH5,0,0
MECDPS,0,0
MELIBt2pp,1,0.986509
MELIBt3ipp,1,0.986509
MELIBtex,1,0.986509
MEOHtex,0,0
MEOHtrpp,0,0
MEPCT,0,0
METAT,0,0
METDabcpp,1,0.986509
METDtex,1,0.986509
METOX1s,1,0.986509
METOX2s,1,0.986509
METS,0,0
METSOX1abcpp,1,0.986509
METSOX1tex,1,0.986509
METSOX2abcpp,1,0.986509
METSOX2tex,1,0.986509
METSOXR1,1,0.986509
METSOXR2,1,0.986509
METTRS,1,0.986509
METabcpp,1,0.986509
METtex,1,0.986509
MG2t3_2pp,0.999983,0.986492229
MG2tex,0,0
MG2tpp,1,0.986509
MG2uabcpp,1,0.986509
MGSA,1,0.986509
MI1PP,1,0.986509
MICITDr,1,0.986509
MINCYCtex,1,0.986509
MINCYCtpp,1,0.986509
MINOHPtexi,1,0.986509
MLDCP1App,1,0.986509
MLDCP1Bpp,1,0.986509
MLDCP2App,1,0.986509
MLDCP2Bpp,1,0.986509
MLDCP3App,1,0.986509
MLDEP1pp,1,0.986509
MLDEP2pp,1,0.986509
MLTG1,1,0.986509
MLTG2,1,0.986509
MLTG3,1,0.986509
MLTG4,1,0.986509
MLTG5,1,0.986509
MLTGY1pp,1,0.986509
MLTGY2pp,1,0.986509
MLTGY3pp,1,0.986509
MLTGY4pp,1,0.986509
MLTP1,1,0.986509
MLTP2,1,0.986509
MLTP3,1,0.986509
MMCD,1,0.986509
MMETt2pp,1,0.986509
MMETtex,1,0.986509
MMM,1,0.986509
MN2t3pp,1,0.986509
MN2tpp,1,0.986509
MN6PP,1,0.986509
MNLptspp,1,0.986509
MNLtex,1,0.986509
MNNH,1,0.986509
MNt2pp,1,0.986509
MNtex,0,0
MOADSUx,0,0
MOAT,0,0
MOAT2,0,0
MOAT3C,1,0.986509
MOBDabcpp,0,0
MOBDtex,0,0
MOCDS,1,0.986509
MOCOS,0,0
MOGDS,1,0.986509
MOHMT,0,0
MOX,0.999999,0.986508013
MPTAT,0,0
MPTG,0,0
MPTG2,1,0.986509
MPTS,0,0
MPTSS,0,0
MSAR,1,0.986509
MSO3abcpp,1,0.986509
MSO3tex,1,0.986509
MTAN,1,0.986509
MTHFC,0.988118,0.9747873
MTHFD,0.988118,0.9747873
MTHFR2,0,0
MTHTHFSs,0,0
MTRPOX,1,0.986509
N2Otex,1,0.986509
N2Otpp,1,0.986509
NACODA,1,0.986509
NACtex,1,0.986509
NACtpp,1,0.986509
NADDP,1,0.986509
NADH10,1,0.986509
NADH16pp,1,0.986509
NADH17pp,1,0.986509
NADH18pp,1,0.986509
NADH5,1,0.986509
NADH9,1,0.986509
NADK,3.16E-13,3.1209E-13
NADN,1,0.986509
NADPHQR2,1,0.986509
NADPHQR3,1,0.986509
NADPHQR4,1,0.986509
NADPPPS,1,0.986509
NADS1,0,0
NADTRHD,1,0.986509
NAMNPP,1,0.986509
NAt3_1p5pp,1,0.986509
NAt3_2pp,1,0.986509
NAt3pp,1,0.986509
NAtex,1,0.986509
NDPK1,1.00,0.986509
NDPK2,0,0
NDPK3,0.998142,0.984676066
NDPK4,0,0
NDPK5,1,0.986509
NDPK6,1,0.986509
NDPK7,1,0.986509
NDPK8,1,0.986509
NH4tex,0,0
NH4tpp,-3.98E-15,-3.92882E-15
NHFRBO,1,0.986509
NI2abcpp,1,0.986509
NI2t3pp,1,0.986509
NI2tex,0,0
NI2tpp,0.999999,0.986508013
NI2uabcpp,1,0.986509
NMNAT,1,0.986509
NMNDA,1,0.986509
NMNN,1,0.986509
NMNPtpp,1,0.986509
NMNt7pp,1,0.986509
NMNtex,1,0.986509
NNAM,1,0.986509
NNATr,0,0
NNDMBRT,1,0.986509
NNDPR,0,0
NO2t2rpp,1,0.986509
NO2tex,1,0.986509
NO3R1bpp,1,0.986509
NO3R1pp,1,0.986509
NO3R2bpp,1,0.986509
NO3R2pp,1,0.986509
NO3t7pp,1,0.986509
NO3tex,1,0.986509
NODOx,1,0.986509
NODOy,1,0.986509
NOVBCNtex,1,0.986509
NOVBCNtpp,1,0.986509
NOtex,1,0.986509
NOtpp,1,0.986509
NTD1,1,0.986509
NTD10,1,0.986509
NTD10pp,1,0.986509
NTD11,1,0.986509
NTD11pp,1,0.986509
NTD12,1,0.986509
NTD12pp,1,0.986509
NTD1pp,1,0.986509
NTD2,1,0.986509
NTD2pp,1,0.986509
NTD3,1,0.986509
NTD3pp,1,0.986509
NTD4,1,0.986509
NTD4pp,1,0.986509
NTD5,1,0.986509
NTD5pp,1,0.986509
NTD6,1,0.986509
NTD6pp,1,0.986509
NTD7,1,0.986509
NTD7pp,1,0.986509
NTD8,1,0.986509
NTD8pp,1,0.986509
NTD9,1,0.986509
NTD9pp,1,0.986509
NTP1,1,0.986509
NTP10,1,0.986509
NTP11,1,0.986509
NTP12,1,0.986509
NTP3,1,0.986509
NTP3pp,1,0.986509
NTP5,1,0.986509
NTPP1,1,0.986509
NTPP10,1,0.986509
NTPP11,1,0.986509
NTPP2,1,0.986509
NTPP3,1,0.986509
NTPP4,1,0.986509
NTPP5,1,0.986509
NTPP6,1,0.986509
NTPP7,1,0.986509
NTPP8,1,0.986509
NTPP9,1,0.986509
NTPTP1,1,0.986509
NTPTP2,1,0.986509
NTRIR2x,1,0.986509
NTRIR3pp,1,0.986509
NTRIR4pp,1,0.986509
O16A4COLIPAabctex,1,0.986509
O16A4Lpp,1,0.986509
O16AP1pp,1,0.986509
O16AP2pp,1,0.986509
O16AP3pp,1,0.986509
O16AT,1,0.986509
O16AUNDtpp,1,0.986509
O16GALFT,1,0.986509
O16GLCT1,1,0.986509
O16GLCT2,1,0.986509
O2Stex,1,0.986509
O2tex,0.245836,0.242519427
O2tpp,0.245836,0.242519427
OAADC,1,0.986509
OBTFL,1,0.986509
OCBT,0,0
OCDCAtexi,1,0.986509
OCDCEAtexi,1,0.986509
OCTAtex,1,0.986509
OCTDPS,0,0
OCTNLL,1,0.986509
OGMEACPD,0,0
OGMEACPR,0,0
OGMEACPS,0,0
OHPBAT,0,0
OHPHM,1,0.986509
OMBZLM,1,0.986509
OMCDC,0,0
OMMBLHX,1,0.986509
OMMBLHX3,1,0.986509
OMPDC,0,0
OMPHHX,1,0.986509
OMPHHX3,1,0.986509
OP4ENH,1,0.986509
OPHBDC,0,0
OPHHX,1,0.986509
OPHHX3,1,0.986509
OPMEACPD,0,0
OPMEACPR,0,0
OPMEACPS,0,0
ORNDC,1,0.986509
ORNabcpp,1,0.986509
ORNtex,1,0.986509
OROTt2_2pp,1,0.986509
OROTtex,1,0.986509
ORPT,0,0
OXAMTC,1,0.986509
OXCDC,1,0.986509
OXCOAHDH,1,0.986509
OXDHCOAT,1,0.986509
P5CD,1,0.986509
P5CR,0,0
PA120abcpp,1,0.986509
PA140abcpp,1,0.986509
PA141abcpp,1,0.986509
PA160abcpp,1,0.986509
PA161abcpp,1,0.986509
PA180abcpp,1,0.986509
PA181abcpp,1,0.986509
PACALDt2rpp,1,0.986509
PACALDtex,1,0.986509
PACCOAE,1,0.986509
PACCOAL,1,0.986509
PANTS,0,0
PAPA120,1,0.986509
PAPA120pp,1,0.986509
PAPA140,1,0.986509
PAPA140pp,1,0.986509
PAPA141,1,0.986509
PAPA141pp,1,0.986509
PAPA160,1,0.986509
PAPA160pp,1,0.986509
PAPA161,1,0.986509
PAPA161pp,1,0.986509
PAPA180,1,0.986509
PAPA180pp,1,0.986509
PAPA181,1,0.986509
PAPA181pp,1,0.986509
PAPPT3,0,0
PAPSR,1,0.986509
PAPSR2,1,0.986509
PDE1,1,0.986509
PDE4,1,0.986509
PDH,0.982589,0.969332892
PDX5PO2,1,0.986509
PDX5POi,1,0.986509
PDX5PS,0,0
PDXPP,1,0.986509
PE120abcpp,1,0.986509
PE140abcpp,1,0.986509
PE141abcpp,1,0.986509
PE160abcpp,0,0
PE161abcpp,0,0
PE180abcpp,1,0.986509
PE181abcpp,1,0.986509
PEAMNOpp,1,0.986509
PEAMNtex,1,0.986509
PERD,0,0
PETNT161pp,1,0.986509
PETNT181pp,1,0.986509
PFK,1,0.986509
PFK_2,1,0.986509
PFK_3,1,0.986509
PFL,1,0.986509
PG120abcpp,1,0.986509
PG140abcpp,1,0.986509
PG141abcpp,1,0.986509
PG160abcpp,1,0.986509
PG161abcpp,1,0.986509
PG180abcpp,1,0.986509
PG181abcpp,1,0.986509
PGAMT,0,0
PGCD,0.977906,0.96471307
PGI,0.99,0.980240722
PGK,0.871422,0.859665646
PGL,0.993017,0.979620208
PGLYCP,1,0.986509
PGM,0.92,0.908749401
PGMT,1,0.986509
PGP120abcpp,1,0.986509
PGP140abcpp,1,0.986509
PGP141abcpp,1,0.986509
PGP160abcpp,1,0.986509
PGP161abcpp,1,0.986509
PGP180abcpp,1,0.986509
PGP181abcpp,1,0.986509
PGPP120,1,0.986509
PGPP120pp,1,0.986509
PGPP140,1,0.986509
PGPP140pp,1,0.986509
PGPP141,1,0.986509
PGPP141pp,1,0.986509
PGPP160,1,0.986509
PGPP160pp,1,0.986509
PGPP161,1,0.986509
PGPP161pp,1,0.986509
PGPP180,1,0.986509
PGPP180pp,1,0.986509
PGPP181,1,0.986509
PGPP181pp,1,0.986509
PGSA120,1,0.986509
PGSA140,1,0.986509
PGSA141,1,0.986509
PGSA160,1,0.986509
PGSA161,1,0.986509
PGSA180,1,0.986509
PGSA181,1,0.986509
PHEMEabcpp,1,0.986509
PHEMEtiex,1,0.986509
PHETA1,0.00,0
PHETRS,1,0.986509
PHEt2rpp,1,0.986509
PHEtex,1,0.986509
PHYTSpp,1,0.986509
PIt2rpp,0.997009,0.983558352
PItex,7.92E-12,7.81764E-12
PIuabcpp,1,0.986509
PLIPA1A120pp,1,0.986509
PLIPA1A140pp,1,0.986509
PLIPA1A141pp,1,0.986509
PLIPA1A160pp,1,0.986509
PLIPA1A161pp,1,0.986509
PLIPA1A180pp,1,0.986509
PLIPA1A181pp,1,0.986509
PLIPA1E120pp,1,0.986509
PLIPA1E140pp,1,0.986509
PLIPA1E141pp,1,0.986509
PLIPA1E160pp,1,0.986509
PLIPA1E161pp,1,0.986509
PLIPA1E180pp,1,0.986509
PLIPA1E181pp,1,0.986509
PLIPA1G120pp,1,0.986509
PLIPA1G140pp,1,0.986509
PLIPA1G141pp,1,0.986509
PLIPA1G160pp,1,0.986509
PLIPA1G161pp,1,0.986509
PLIPA1G180pp,1,0.986509
PLIPA1G181pp,1,0.986509
PLIPA2A120pp,1,0.986509
PLIPA2A140pp,1,0.986509
PLIPA2A141pp,1,0.986509
PLIPA2A160pp,1,0.986509
PLIPA2A161pp,1,0.986509
PLIPA2A180pp,1,0.986509
PLIPA2A181pp,1,0.986509
PLIPA2E120pp,1,0.986509
PLIPA2E140pp,1,0.986509
PLIPA2E141pp,1,0.986509
PLIPA2E160pp,1,0.986509
PLIPA2E161pp,1,0.986509
PLIPA2E180pp,1,0.986509
PLIPA2E181pp,1,0.986509
PLIPA2G120pp,1,0.986509
PLIPA2G140pp,1,0.986509
PLIPA2G141pp,1,0.986509
PLIPA2G160pp,1,0.986509
PLIPA2G161pp,1,0.986509
PLIPA2G180pp,1,0.986509
PLIPA2G181pp,1,0.986509
PMANM,1,0.986509
PMDPHT,0,0
PMEACPE,0,0
PMPK,0,0
PNTK,0,0
PNTOt4pp,1,0.986509
PNTOtex,1,0.986509
POAACR,1,0.986509
POR5,0.999887,0.986397524
POX,1,0.986509
PPA,1,0.986509
PPA2,1,0.986509
PPAKr,1,0.986509
PPALtex,1,0.986509
PPALtpp,1,0.986509
PPAt4pp,1,0.986509
PPAtex,1,0.986509
PPBNGS,0,0
PPC,0.996941,0.983491269
PPCDC,0,0
PPCK,1,0.986509
PPCSCT,1,0.986509
PPGPPDP,1,0.986509
PPK2r,1,0.986509
PPKr,0.985677,0.972379232
PPM,1,0.986509
PPM2,1,0.986509
PPNCL2,0,0
PPND,0,0
PPNDH,0,0
PPPGO,1,0.986509
PPPGO3,0.999998,0.986507027
PPPNDO,1,0.986509
PPPNt2rpp,1,0.986509
PPPNtex,1,0.986509
PPS,1,0.986509
PPTHpp,1,0.986509
PPTtex,1,0.986509
PRAGSr,0,0
PRAIS,0,0
PRAIi,0,0
PRAMPC,0,0
PRASCSi,0,0
PRATPP,0,0
PRFGS,0,0
PRMICI,0,0
PROD2,1,0.986509
PROGLYabcpp,1,0.986509
PROGLYtex,1,0.986509
PROTRS,1,0.986509
PROabcpp,1,0.986509
PROt2rpp,1,0.986509
PROt4pp,1,0.986509
PROtex,1,0.986509
PRPPS,1.00,0.986509
PSCLYSt2pp,1,0.986509
PSCLYStex,1,0.986509
PSCVT,0,0
PSD120,1,0.986509
PSD140,1,0.986509
PSD141,1,0.986509
PSD160,0,0
PSD161,0,0
PSD180,1,0.986509
PSD181,1,0.986509
PSERT,0.977906,0.96471307
PSERtex,1,0.986509
PSP_L,0.977906,0.96471307
PSP_Lpp,1,0.986509
PSSA120,1,0.986509
PSSA140,1,0.986509
PSSA141,1,0.986509
PSSA160,0,0
PSSA161,0,0
PSSA180,1,0.986509
PSSA181,1,0.986509
PTA2,1,0.986509
PTAr,1,0.986509
PTHRpp,1,0.986509
PTPATi,0,0
PTRCORNt7pp,1,0.986509
PTRCTA,1,0.986509
PTRCabcpp,1,0.986509
PTRCt2pp,1,0.986509
PTRCtex,1,0.986509
PUNP1,1,0.986509
PUNP2,1,0.986509
PUNP3,1,0.986509
PUNP4,1,0.986509
PUNP5,1,0.986509
PUNP6,1,0.986509
PUNP7,1,0.986509
PYAM5PO,1,0.986509
PYDAMK,1,0.986509
PYDAMtex,1,0.986509
PYDAMtpp,1,0.986509
PYDXK,1,0.986509
PYDXNK,1,0.986509
PYDXNtex,1,0.986509
PYDXNtpp,1,0.986509
PYDXPP,1,0.986509
PYDXtex,1,0.986509
PYDXtpp,1,0.986509
PYK,1,0.986509
PYNP2r,1,0.986509
PYROX,1,0.986509
PYRt2rpp,1,0.986509
PYRtex,1,0.986509
QMO2,1,0.986509
QMO3,1,0.986509
QUIN2tex,1,0.986509
QUIN2tpp,1,0.986509
QUINDH,1,0.986509
QULNS,0,0
R15BPK,1.00,0.986509
R1PK,1,0.986509
R5PP,1,0.986509
R5PPpp,1,0.986509
R5Ptex,1,0.986509
RBFK,0,0
RBFSa,0,0
RBFSb,0,0
RBK,1,0.986509
RBK_L1,1,0.986509
RBP4E,1,0.986509
REPHACCOAI,1,0.986509
RFAMPtex,1,0.986509
RFAMPtpp,1,0.986509
RHAT1,1,0.986509
RHCCE,0,0
RIBabcpp,1,0.986509
RIBtex,1,0.986509
RMI,1,0.986509
RMK,1,0.986509
RMNtex,1,0.986509
RMNtpp,1,0.986509
RMPA,1,0.986509
RNDR1,1,0.986509
RNDR1b,1,0.986509
RNDR2,1,0.986509
RNDR2b,1,0.986509
RNDR3,1,0.986509
RNDR3b,1,0.986509
RNDR4,1,0.986509
RNDR4b,1,0.986509
RNTR1c2,0.999974,0.986483351
RNTR2c2,0.999973,0.986482364
RNTR3c2,0.999973,0.986482364
RNTR4c2,0.999974,0.986483351
RPE,0.994963,0.981539954
RPI,0.340444,0.33585107
RZ5PP,1,0.986509
S2FE2SR,1,0.986509
S2FE2SS,1,0.986509
S2FE2SS2,1,0.986509
S2FE2ST,1,0.986509
S4FE4SR,1,0.986509
S4FE4ST,1,0.986509
S7PI,1,0.986509
SADH,1,0.986509
SADT2,0,0
SARCOX,1,0.986509
SBTPD,1,0.986509
SBTptspp,1,0.986509
SBTtex,1,0.986509
SCYSDS,1,0.986509
SDPDS,0,0
SDPTA,0,0
SELCYSS,1,0.986509
SELGTHR,1,0.986509
SELGTHR2,1,0.986509
SELGTHR3,1,0.986509
SELNPS,1,0.986509
SELR,1,0.986509
SELtex,1,0.986509
SELtpp,1,0.986509
SEPHCHCS,1,0.986509
SERASr,1,0.986509
SERAT,0,0
SERD_D,1,0.986509
SERD_L,1,0.986509
SERTRS,1,0.986509
SERTRS2,1,0.986509
SERt2rpp,1,0.986509
SERt4pp,1,0.986509
SERtex,1,0.986509
SFGTHi,1,0.986509
SGDS,1,0.986509
SGSAD,1,0.986509
SHCHCS3,1,0.986509
SHCHD2,0,0
SHCHF,0,0
SHK3Dr,0,0
SHKK,0,0
SHSL1,0,0
SKMt2pp,1,0.986509
SKMtex,1,0.986509
SLNTtex,1,0.986509
SLNTtpp,1,0.986509
SO2tex,1,0.986509
SO2tpp,1,0.986509
SO3tex,1,0.986509
SO4t2pp,0.999216,0.985735577
SO4tex,0,0
SOTA,1,0.986509
SPMDAT1,1,0.986509
SPMDAT2,1,0.986509
SPMDabcpp,1,0.986509
SPMDt3pp,1,0.986509
SPMDtex,1,0.986509
SPMS,1,0.986509
SPODM,1,0.986509
SPODMpp,1,0.986509
SSALx,1,0.986509
SSALy,1,0.986509
SUCASPtpp,1,0.986509
SUCBZL,1,0.986509
SUCBZS,1,0.986509
SUCCt2_2pp,1,0.986509
SUCCt2_3pp,1,0.986509
SUCCt3pp,1,0.986509
SUCCtex,1,0.986509
SUCDi,0.973858,0.960719682
SUCFUMtpp,1,0.986509
SUCMALtpp,1,0.986509
SUCOAS,0.997056,0.983604718
SUCRtex,1,0.986509
SUCTARTtpp,1,0.986509
SUCptspp,1,0.986509
SULFACabcpp,1,0.986509
SULFACtex,1,0.986509
SULRi,0,0
SULabcpp,1,0.986509
T2DECAI,1,0.986509
TAGURr,1,0.986509
TALA,1,0.986509
TARTD,1,0.986509
TARTRDtex,1,0.986509
TARTRt7pp,1,0.986509
TARTRtex,1,0.986509
TARTt2_3pp,1,0.986509
TAUDO,1,0.986509
TAURabcpp,1,0.986509
TAURtex,1,0.986509
TCYNTtex,1,0.986509
TDP,1,0.986509
TDPADGAT,1,0.986509
TDPAGTA,1,0.986509
TDPDRE,1,0.986509
TDPDRR,1,0.986509
TDPGDH,1,0.986509
TDSK,0,0
TDSR1,1,0.986509
TDSR2,1,0.986509
TGBPA,1,0.986509
THD2pp,1,0.986509
THDPS,0,0
THFAT,1,0.986509
THIORDXi,1,0.986509
THMDt2pp,1,0.986509
THMDt2rpp,1,0.986509
THMDtex,1,0.986509
THMabcpp,1,0.986509
THMtex,1,0.986509
THRA2i,1,0.986509
THRAi,1,0.986509
THRD,1,0.986509
THRD_L,0,0
THRPtex,1,0.986509
THRS,0,0
THRTRS,1,0.986509
THRabcpp,1,0.986509
THRt2pp,1,0.986509
THRt2rpp,1,0.986509
THRt4pp,1,0.986509
THRtex,1,0.986509
THYMt3pp,1,0.986509
THYMtex,1,0.986509
THZPSN3,0,0
TKT1,0.994005,0.980594879
TKT2,0.995923,0.982487003
TMAOR1,1,0.986509
TMAOR1pp,1,0.986509
TMAOR2,1,0.986509
TMAOR2pp,1,0.986509
TMAOtex,1,0.986509
TMAtex,1,0.986509
TMDK1,1,0.986509
TMDPP,1,0.986509
TMDS,0,0
TMK,1,0.986509
TMPK,0,0
TMPPP,0,0
TPI,0.964048,0.951042028
TPRDCOAS,1,0.986509
TRDR,1,0.986509
TRE6PH,1,0.986509
TRE6PP,1,0.986509
TRE6PS,1,0.986509
TREH,1,0.986509
TREHpp,1,0.986509
TREptspp,1,0.986509
TREtex,1,0.986509
TRPAS2,0.999706,0.986218966
TRPS1,1,0.986509
TRPS2,1,0.986509
TRPS3,0.999706,0.986218966
TRPTRS,1,0.986509
TRPt2rpp,1,0.986509
TRPtex,1,0.986509
TRSARr,1,0.986509
TSULabcpp,1,0.986509
TSULtex,1,0.986509
TTDCAtexi,1,0.986509
TTDCEAtexi,1,0.986509
TTRCYCtex,1,0.986509
TTRCYCtpp,1,0.986509
TUNGSabcpp,1,0.986509
TUNGStex,1,0.986509
TYMtex,1,0.986509
TYRL,0,0
TYROXDApp,1,0.986509
TYRPpp,1,0.986509
TYRPtex,1,0.986509
TYRTA,0,0
TYRTRS,1,0.986509
TYRt2rpp,1,0.986509
TYRtex,1,0.986509
ThDPAT,1,0.986509
U23GAAT,0,0
UAAGDS,0,0
UACGALPpp,1,0.986509
UACGAMPpp,1,0.986509
UACGAMtex,1,0.986509
UACMAMO,1,0.986509
UAG2E,1,0.986509
UAGAAT,0,0
UAGCVT,0,0
UAGDP,0,0
UAGPT3,0,0
UAMAGS,0,0
UAMAS,0,0
UAPGR,0,0
UDCPDP,0,0
UDCPDPS,0,0
UDCPDPpp,1,0.986509
UDCPPtppi,1,0.986509
UDPACGALtex,1,0.986509
UDPG4E,1,0.986509
UDPGALM,1,0.986509
UDPGALPpp,1,0.986509
UDPGALtex,1,0.986509
UDPGD,1,0.986509
UDPGDC,1,0.986509
UDPGLCURtex,1,0.986509
UDPGPpp,1,0.986509
UDPGtex,1,0.986509
UDPKAAT,1,0.986509
UGLCURPpp,1,0.986509
UGLT,1,0.986509
UGLYCH,1,0.986509
UGMDDS,0,0
UHGADA,0,0
ULA4NFT,1,0.986509
ULA4Ntppi,1,0.986509
UM3PL,1,0.986509
UM4PCP,1,0.986509
UM4PL,1,0.986509
UMPK,0,0
UMPtex,1,0.986509
UPLA4FNF,1,0.986509
UPLA4FNT,1,0.986509
UPP3MT,0,0
UPP3S,0,0
UPPDC1,0,0
UPPRT,1,0.986509
URACPAH,1,0.986509
URAt2pp,1,0.986509
URAt2rpp,1,0.986509
URAtex,1,0.986509
URDGLYCD,1,0.986509
UREAtex,1,0.986509
UREAtpp,1,0.986509
URIC,1,0.986509
URIH,1,0.986509
URIK2,1,0.986509
URIt2pp,1,0.986509
URIt2rpp,1,0.986509
URItex,1,0.986509
USHD,0,0
VALTA,1,0.986509
VALTRS,1,0.986509
VALabcpp,1,0.986509
VALt2rpp,1,0.986509
VALtex,1,0.986509
VPAMTr,1,0.986509
WCOS,1,0.986509
X5PL3E,1,0.986509
XAND,1,0.986509
XANt2pp,1,0.986509
XANtex,1,0.986509
XANtpp,1,0.986509
XMPtex,1,0.986509
XPPT,1,0.986509
XTSNH,1,0.986509
XTSNt2rpp,1,0.986509
XTSNtex,1,0.986509
XYLI1,1,0.986509
XYLI2,1,0.986509
XYLK,1,0.986509
XYLK2,1,0.986509
XYLUt2pp,1,0.986509
XYLUtex,1,0.986509
XYLabcpp,1,0.986509
XYLt2pp,1,0.986509
XYLtex,1,0.986509
ZN2abcpp,1,0.986509
ZN2t3pp,1,0.986509
ZN2tpp,0.999999,0.986508013
ZNabcpp,1,0.986509
Zn2tex,0,0