reaction_id,minimum,maximum
DM_4CRSOL,0.000219969,0.000219376
DM_5DRIB,0.00022786,0.000224439
DM_AACALD,0,0
DM_AMOB,1.97E-06,1.97E-06
DM_MTHTHF,0.00132178,0.00131836
DM_OXAM,0,-3.50E-05
Ec_biomass_iJO1366_WT_53p95M,0.986406,0.986406
Ec_biomass_iJO1366_core_53p95M,0,-3.26E-07
EX_12ppd_DASH_R_LPAREN_e_RPAREN_,0,-5.43E-06
EX_12ppd_DASH_S_LPAREN_e_RPAREN_,0,-5.72E-06
EX_14glucan_LPAREN_e_RPAREN_,0,0
EX_15dap_LPAREN_e_RPAREN_,0,-2.67E-06
EX_23camp_LPAREN_e_RPAREN_,0,0
EX_23ccmp_LPAREN_e_RPAREN_,0,0
EX_23cgmp_LPAREN_e_RPAREN_,0,0
EX_23cump_LPAREN_e_RPAREN_,0,0
EX_23dappa_LPAREN_e_RPAREN_,0,0
EX_26dap_DASH_M_LPAREN_e_RPAREN_,0,0
EX_2ddglcn_LPAREN_e_RPAREN_,0,0
EX_34dhpac_LPAREN_e_RPAREN_,0,0
EX_3amp_LPAREN_e_RPAREN_,0,0
EX_3cmp_LPAREN_e_RPAREN_,0,0
EX_3gmp_LPAREN_e_RPAREN_,0,0
EX_3hcinnm_LPAREN_e_RPAREN_,0,0
EX_3hpp_LPAREN_e_RPAREN_,0,-4.20E-06
EX_3hpppn_LPAREN_e_RPAREN_,0,0
EX_3ump_LPAREN_e_RPAREN_,0,0
EX_4abut_LPAREN_e_RPAREN_,0,-4.63E-06
EX_4hoxpacd_LPAREN_e_RPAREN_,0,0
EX_5dglcn_LPAREN_e_RPAREN_,0,-3.93E-06
EX_5mtr_LPAREN_e_RPAREN_,0.00665232,0.00665139
EX_LalaDglu_LPAREN_e_RPAREN_,0,0
EX_LalaDgluMdap_LPAREN_e_RPAREN_,0,-1.30E-06
EX_LalaDgluMdapDala_LPAREN_e_RPAREN_,0,-1.09E-06
EX_LalaLglu_LPAREN_e_RPAREN_,0,0
EX_ac_LPAREN_e_RPAREN_,0,-1.21E-05
EX_acac_LPAREN_e_RPAREN_,0,0
EX_acald_LPAREN_e_RPAREN_,0,-8.51E-06
EX_acgal_LPAREN_e_RPAREN_,0,0
EX_acgal1p_LPAREN_e_RPAREN_,0,0
EX_acgam_LPAREN_e_RPAREN_,0,0
EX_acgam1p_LPAREN_e_RPAREN_,0,0
EX_acmana_LPAREN_e_RPAREN_,0,0
EX_acmum_LPAREN_e_RPAREN_,0,0
EX_acnam_LPAREN_e_RPAREN_,0,0
EX_acolipa_LPAREN_e_RPAREN_,0,-9.12E-08
EX_acser_LPAREN_e_RPAREN_,0,-4.31E-06
EX_ade_LPAREN_e_RPAREN_,0,-3.86E-06
EX_adn_LPAREN_e_RPAREN_,0,-1.90E-06
EX_adocbl_LPAREN_e_RPAREN_,0,0
EX_ag_LPAREN_e_RPAREN_,0,0
EX_agm_LPAREN_e_RPAREN_,0,-3.35E-06
EX_akg_LPAREN_e_RPAREN_,0,-4.92E-06
EX_ala_DASH_B_LPAREN_e_RPAREN_,0,0
EX_ala_DASH_D_LPAREN_e_RPAREN_,0,-6.99E-06
EX_ala_DASH_L_LPAREN_e_RPAREN_,0,-6.99E-06
EX_alaala_LPAREN_e_RPAREN_,0,-3.42E-06
EX_all_DASH_D_LPAREN_e_RPAREN_,0,0
EX_alltn_LPAREN_e_RPAREN_,0,-1.50E-05
EX_amp_LPAREN_e_RPAREN_,0,0
EX_anhgm_LPAREN_e_RPAREN_,0,-9.26E-07
EX_arab_DASH_L_LPAREN_e_RPAREN_,0,-3.98E-06
EX_arbt_LPAREN_e_RPAREN_,0,0
EX_arbtn_LPAREN_e_RPAREN_,0,0
EX_arbtn_DASH_fe3_LPAREN_e_RPAREN_,0,0
EX_arg_DASH_L_LPAREN_e_RPAREN_,0,-2.97E-06
EX_ascb_DASH_L_LPAREN_e_RPAREN_,0,0
EX_asn_DASH_L_LPAREN_e_RPAREN_,0,-5.83E-06
EX_aso3_LPAREN_e_RPAREN_,0,0
EX_asp_DASH_L_LPAREN_e_RPAREN_,0,-6.30E-06
EX_btn_LPAREN_e_RPAREN_,0,0
EX_but_LPAREN_e_RPAREN_,0,0
EX_butso3_LPAREN_e_RPAREN_,0,0
EX_ca2_LPAREN_e_RPAREN_,-0.00488468,-0.00488468
EX_cbi_LPAREN_e_RPAREN_,0,0
EX_cbl1_LPAREN_e_RPAREN_,-0.000219969,-0.000219969
EX_cd2_LPAREN_e_RPAREN_,0,0
EX_cgly_LPAREN_e_RPAREN_,0,-2.82E-06
EX_chol_LPAREN_e_RPAREN_,0,0
EX_chtbs_LPAREN_e_RPAREN_,0,0
EX_cit_LPAREN_e_RPAREN_,0,-4.37E-06
EX_cl_LPAREN_e_RPAREN_,-0.00488468,-0.00488468
EX_cm_LPAREN_e_RPAREN_,0,0
EX_cmp_LPAREN_e_RPAREN_,0,0
EX_co2_LPAREN_e_RPAREN_,19.6615,19.6612
EX_cobalt2_LPAREN_e_RPAREN_,-0.0716475,-2.37E-05
EX_colipa_LPAREN_e_RPAREN_,0,-9.37E-08
EX_colipap_LPAREN_e_RPAREN_,0,-6.84E-08
EX_cpgn_LPAREN_e_RPAREN_,0,0
EX_cpgn_DASH_un_LPAREN_e_RPAREN_,0,0
EX_crn_LPAREN_e_RPAREN_,0,0
EX_crn_DASH_D_LPAREN_e_RPAREN_,0,0
EX_csn_LPAREN_e_RPAREN_,0,0
EX_cu_LPAREN_e_RPAREN_,0,0
EX_cu2_LPAREN_e_RPAREN_,-0.000468223,-0.000664838
EX_cyan_LPAREN_e_RPAREN_,0,0
EX_cynt_LPAREN_e_RPAREN_,0,0
EX_cys_DASH_D_LPAREN_e_RPAREN_,0,0
EX_cys_DASH_L_LPAREN_e_RPAREN_,0,-3.66E-06
EX_cytd_LPAREN_e_RPAREN_,0,-2.20E-06
EX_dad_DASH_2_LPAREN_e_RPAREN_,0,0
EX_damp_LPAREN_e_RPAREN_,0,0
EX_dca_LPAREN_e_RPAREN_,0,0
EX_dcmp_LPAREN_e_RPAREN_,0,0
EX_dcyt_LPAREN_e_RPAREN_,0,0
EX_ddca_LPAREN_e_RPAREN_,0,0
EX_dgmp_LPAREN_e_RPAREN_,0,0
EX_dgsn_LPAREN_e_RPAREN_,0,0
EX_dha_LPAREN_e_RPAREN_,0,-6.56E-06
EX_dimp_LPAREN_e_RPAREN_,0,0
EX_din_LPAREN_e_RPAREN_,0,0
EX_dms_LPAREN_e_RPAREN_,0,0
EX_dmso_LPAREN_e_RPAREN_,0,0
EX_dopa_LPAREN_e_RPAREN_,0,0
EX_doxrbcn_LPAREN_e_RPAREN_,0,0
EX_dtmp_LPAREN_e_RPAREN_,0,0
EX_dump_LPAREN_e_RPAREN_,0,0
EX_duri_LPAREN_e_RPAREN_,0,0
EX_eca4colipa_LPAREN_e_RPAREN_,0,-6.35E-08
EX_enlipa_LPAREN_e_RPAREN_,0,-1.38E-07
EX_enter_LPAREN_e_RPAREN_,0,-6.18E-07
EX_etha_LPAREN_e_RPAREN_,0,-8.74E-06
EX_ethso3_LPAREN_e_RPAREN_,0,0
EX_etoh_LPAREN_e_RPAREN_,0,-7.15E-06
EX_f6p_LPAREN_e_RPAREN_,0,0
EX_fald_LPAREN_e_RPAREN_,0,0
EX_fe2_LPAREN_e_RPAREN_,-1.39822,-0.0155258
EX_fe3_LPAREN_e_RPAREN_,0.000209833,1.3829
EX_fe3dcit_LPAREN_e_RPAREN_,0,0
EX_fe3dhbzs_LPAREN_e_RPAREN_,0,0
EX_fe3hox_LPAREN_e_RPAREN_,0,0
EX_fe3hox_DASH_un_LPAREN_e_RPAREN_,0,0
EX_fecrm_LPAREN_e_RPAREN_,0,0
EX_fecrm_DASH_un_LPAREN_e_RPAREN_,0,0
EX_feenter_LPAREN_e_RPAREN_,0,-6.18E-07
EX_feoxam_LPAREN_e_RPAREN_,0,0
EX_feoxam_DASH_un_LPAREN_e_RPAREN_,0,0
EX_for_LPAREN_e_RPAREN_,0,-5.25E-05
EX_fru_LPAREN_e_RPAREN_,0,0
EX_frulys_LPAREN_e_RPAREN_,0,0
EX_fruur_LPAREN_e_RPAREN_,0,0
EX_fuc_DASH_L_LPAREN_e_RPAREN_,0,0
EX_fum_LPAREN_e_RPAREN_,0,0
EX_fusa_LPAREN_e_RPAREN_,0,0
EX_g1p_LPAREN_e_RPAREN_,0,0
EX_g3pc_LPAREN_e_RPAREN_,0,0
EX_g3pe_LPAREN_e_RPAREN_,0,-3.28E-06
EX_g3pg_LPAREN_e_RPAREN_,0,-2.71E-06
EX_g3pi_LPAREN_e_RPAREN_,0,0
EX_g3ps_LPAREN_e_RPAREN_,0,0
EX_g6p_LPAREN_e_RPAREN_,0,0
EX_gal_LPAREN_e_RPAREN_,0,-3.31E-06
EX_gal_DASH_bD_LPAREN_e_RPAREN_,0,0
EX_gal1p_LPAREN_e_RPAREN_,0,0
EX_galct_DASH_D_LPAREN_e_RPAREN_,0,0
EX_galctn_DASH_D_LPAREN_e_RPAREN_,0,0
EX_galctn_DASH_L_LPAREN_e_RPAREN_,0,0
EX_galt_LPAREN_e_RPAREN_,0,0
EX_galur_LPAREN_e_RPAREN_,0,0
EX_gam_LPAREN_e_RPAREN_,0,0
EX_gam6p_LPAREN_e_RPAREN_,0,0
EX_gbbtn_LPAREN_e_RPAREN_,0,0
EX_gdp_LPAREN_e_RPAREN_,0,0
EX_glc_LPAREN_e_RPAREN_,-10,-10
EX_glcn_LPAREN_e_RPAREN_,0,-3.58E-06
EX_glcr_LPAREN_e_RPAREN_,0,0
EX_glcur_LPAREN_e_RPAREN_,0,0
EX_glcur1p_LPAREN_e_RPAREN_,0,0
EX_gln_DASH_L_LPAREN_e_RPAREN_,0,0
EX_glu_DASH_L_LPAREN_e_RPAREN_,0,-4.37E-06
EX_gly_LPAREN_e_RPAREN_,0,-1.28E-05
EX_glyald_LPAREN_e_RPAREN_,0,-6.42E-06
EX_glyb_LPAREN_e_RPAREN_,0,0
EX_glyc_LPAREN_e_RPAREN_,0,-5.62E-06
EX_glyc_DASH_R_LPAREN_e_RPAREN_,0,-8.51E-06
EX_glyc2p_LPAREN_e_RPAREN_,0,0
EX_glyc3p_LPAREN_e_RPAREN_,0,-5.25E-06
EX_glyclt_LPAREN_e_RPAREN_,0,-1.43E-05
EX_gmp_LPAREN_e_RPAREN_,0,0
EX_gsn_LPAREN_e_RPAREN_,0,0
EX_gthox_LPAREN_e_RPAREN_,0,0
EX_gthrd_LPAREN_e_RPAREN_,0,-1.64E-06
EX_gtp_LPAREN_e_RPAREN_,0,0
EX_gua_LPAREN_e_RPAREN_,0,-3.82E-06
EX_h_LPAREN_e_RPAREN_,7.36918,8.75145
EX_h2_LPAREN_e_RPAREN_,0,0
EX_h2o_LPAREN_e_RPAREN_,45.0984,45.7896
EX_h2o2_LPAREN_e_RPAREN_,0,0
EX_h2s_LPAREN_e_RPAREN_,0,-7.32E-06
EX_hacolipa_LPAREN_e_RPAREN_,0,0
EX_halipa_LPAREN_e_RPAREN_,0,0
EX_hdca_LPAREN_e_RPAREN_,0,0
EX_hdcea_LPAREN_e_RPAREN_,0,0
EX_hg2_LPAREN_e_RPAREN_,0,0
EX_his_DASH_L_LPAREN_e_RPAREN_,0,-2.96E-06
EX_hom_DASH_L_LPAREN_e_RPAREN_,0,-4.43E-06
EX_hxa_LPAREN_e_RPAREN_,0,-2.76E-06
EX_hxan_LPAREN_e_RPAREN_,0,-4.11E-06
EX_idon_DASH_L_LPAREN_e_RPAREN_,0,-3.62E-06
EX_ile_DASH_L_LPAREN_e_RPAREN_,0,-2.50E-06
EX_imp_LPAREN_e_RPAREN_,0,0
EX_indole_LPAREN_e_RPAREN_,0,-1.91E-06
EX_inost_LPAREN_e_RPAREN_,0,0
EX_ins_LPAREN_e_RPAREN_,0,-1.97E-06
EX_isetac_LPAREN_e_RPAREN_,0,0
EX_k_LPAREN_e_RPAREN_,-0.183166,-0.183166
EX_kdo2lipid4_LPAREN_e_RPAREN_,0,-1.87E-07
EX_lac_DASH_D_LPAREN_e_RPAREN_,0,-7.15E-06
EX_lac_DASH_L_LPAREN_e_RPAREN_,0,-7.68E-06
EX_lcts_LPAREN_e_RPAREN_,0,-1.65E-06
EX_leu_DASH_L_LPAREN_e_RPAREN_,0,-2.79E-06
EX_lipa_LPAREN_e_RPAREN_,0,-1.41E-07
EX_lipa_cold_LPAREN_e_RPAREN_,0,-1.36E-07
EX_lipoate_LPAREN_e_RPAREN_,0,0
EX_lys_DASH_L_LPAREN_e_RPAREN_,0,-2.67E-06
EX_lyx_DASH_L_LPAREN_e_RPAREN_,0,0
EX_mal_DASH_D_LPAREN_e_RPAREN_,0,0
EX_mal_DASH_L_LPAREN_e_RPAREN_,0,-6.56E-06
EX_malt_LPAREN_e_RPAREN_,0,0
EX_malthx_LPAREN_e_RPAREN_,0,0
EX_maltpt_LPAREN_e_RPAREN_,0,0
EX_malttr_LPAREN_e_RPAREN_,0,0
EX_maltttr_LPAREN_e_RPAREN_,0,0
EX_man_LPAREN_e_RPAREN_,0,0
EX_man6p_LPAREN_e_RPAREN_,0,0
EX_manglyc_LPAREN_e_RPAREN_,0,0
EX_melib_LPAREN_e_RPAREN_,0,-1.65E-06
EX_meoh_LPAREN_e_RPAREN_,1.97E-06,1.97E-06
EX_met_DASH_D_LPAREN_e_RPAREN_,0,0
EX_met_DASH_L_LPAREN_e_RPAREN_,0,0
EX_metsox_DASH_R_DASH_L_LPAREN_e_RPAREN_,0,0
EX_metsox_DASH_S_DASH_L_LPAREN_e_RPAREN_,0,0
EX_mg2_LPAREN_e_RPAREN_,-0.00814081,-0.00814081
EX_mincyc_LPAREN_e_RPAREN_,0,0
EX_minohp_LPAREN_e_RPAREN_,0,0
EX_mmet_LPAREN_e_RPAREN_,0,0
EX_mn2_LPAREN_e_RPAREN_,-0.000649055,-0.000649055
EX_mnl_LPAREN_e_RPAREN_,0,0
EX_mobd_LPAREN_e_RPAREN_,-0.0233811,-0.000135138
EX_mso3_LPAREN_e_RPAREN_,0,0
EX_n2o_LPAREN_e_RPAREN_,0,0
EX_na1_LPAREN_e_RPAREN_,0,0
EX_nac_LPAREN_e_RPAREN_,0,0
EX_nh4_LPAREN_e_RPAREN_,-10.3633,-10.3636
EX_ni2_LPAREN_e_RPAREN_,-0.000302827,-0.000302827
EX_nmn_LPAREN_e_RPAREN_,0,0
EX_no_LPAREN_e_RPAREN_,0,0
EX_no2_LPAREN_e_RPAREN_,0,0
EX_no3_LPAREN_e_RPAREN_,0,0
EX_novbcn_LPAREN_e_RPAREN_,0,0
EX_o16a4colipa_LPAREN_e_RPAREN_,0,0
EX_o2_LPAREN_e_RPAREN_,-18,-17.6543
EX_o2s_LPAREN_e_RPAREN_,0,0
EX_ocdca_LPAREN_e_RPAREN_,0,0
EX_ocdcea_LPAREN_e_RPAREN_,0,0
EX_octa_LPAREN_e_RPAREN_,0,0
EX_orn_LPAREN_e_RPAREN_,0,-3.31E-06
EX_orot_LPAREN_e_RPAREN_,0,0
EX_pacald_LPAREN_e_RPAREN_,0,0
EX_peamn_LPAREN_e_RPAREN_,0,0
EX_phe_DASH_L_LPAREN_e_RPAREN_,0,-1.85E-06
EX_pheme_LPAREN_e_RPAREN_,0,-4.74E-07
EX_pi_LPAREN_e_RPAREN_,-0.914275,-0.91459
EX_pnto_DASH_R_LPAREN_e_RPAREN_,0,0
EX_ppa_LPAREN_e_RPAREN_,0,0
EX_ppal_LPAREN_e_RPAREN_,0,0
EX_pppn_LPAREN_e_RPAREN_,0,0
EX_ppt_LPAREN_e_RPAREN_,0,0
EX_pro_DASH_L_LPAREN_e_RPAREN_,0,-3.46E-06
EX_progly_LPAREN_e_RPAREN_,0,0
EX_psclys_LPAREN_e_RPAREN_,0,0
EX_pser_DASH_L_LPAREN_e_RPAREN_,0,0
EX_ptrc_LPAREN_e_RPAREN_,0,-3.35E-06
EX_pydam_LPAREN_e_RPAREN_,0,0
EX_pydx_LPAREN_e_RPAREN_,0,0
EX_pydxn_LPAREN_e_RPAREN_,0,0
EX_pyr_LPAREN_e_RPAREN_,0,-8.51E-06
EX_quin_LPAREN_e_RPAREN_,0,-2.71E-06
EX_r5p_LPAREN_e_RPAREN_,0,0
EX_rfamp_LPAREN_e_RPAREN_,0,0
EX_rib_DASH_D_LPAREN_e_RPAREN_,0,0
EX_rmn_LPAREN_e_RPAREN_,0,0
EX_sbt_DASH_D_LPAREN_e_RPAREN_,0,0
EX_sel_LPAREN_e_RPAREN_,0,0
EX_ser_DASH_D_LPAREN_e_RPAREN_,0,0
EX_ser_DASH_L_LPAREN_e_RPAREN_,0,-7.49E-06
EX_skm_LPAREN_e_RPAREN_,0,0
EX_slnt_LPAREN_e_RPAREN_,0,0
EX_so2_LPAREN_e_RPAREN_,0,0
EX_so3_LPAREN_e_RPAREN_,0,0
EX_so4_LPAREN_e_RPAREN_,-0.248499,-0.248561
EX_spmd_LPAREN_e_RPAREN_,0,-9.35E-07
EX_succ_LPAREN_e_RPAREN_,0,-6.05E-06
EX_sucr_LPAREN_e_RPAREN_,0,0
EX_sulfac_LPAREN_e_RPAREN_,0,0
EX_tartr_DASH_D_LPAREN_e_RPAREN_,0,0
EX_tartr_DASH_L_LPAREN_e_RPAREN_,0,0
EX_taur_LPAREN_e_RPAREN_,0,0
EX_tcynt_LPAREN_e_RPAREN_,0,0
EX_thm_LPAREN_e_RPAREN_,0,0
EX_thr_DASH_L_LPAREN_e_RPAREN_,0,-4.31E-06
EX_thrp_LPAREN_e_RPAREN_,0,0
EX_thym_LPAREN_e_RPAREN_,0,-3.86E-06
EX_thymd_LPAREN_e_RPAREN_,0,-1.84E-06
EX_tma_LPAREN_e_RPAREN_,0,0
EX_tmao_LPAREN_e_RPAREN_,0,0
EX_tre_LPAREN_e_RPAREN_,0,0
EX_trp_DASH_L_LPAREN_e_RPAREN_,0,-1.55E-06
EX_tsul_LPAREN_e_RPAREN_,0,0
EX_ttdca_LPAREN_e_RPAREN_,0,0
EX_ttdcea_LPAREN_e_RPAREN_,0,0
EX_ttrcyc_LPAREN_e_RPAREN_,0,0
EX_tungs_LPAREN_e_RPAREN_,0,0
EX_tym_LPAREN_e_RPAREN_,0,0
EX_tyr_DASH_L_LPAREN_e_RPAREN_,0,-1.93E-06
EX_tyrp_LPAREN_e_RPAREN_,0,0
EX_uacgam_LPAREN_e_RPAREN_,0,0
EX_udpacgal_LPAREN_e_RPAREN_,0,0
EX_udpg_LPAREN_e_RPAREN_,0,0
EX_udpgal_LPAREN_e_RPAREN_,0,0
EX_udpglcur_LPAREN_e_RPAREN_,0,0
EX_ump_LPAREN_e_RPAREN_,0,0
EX_ura_LPAREN_e_RPAREN_,0,-5.83E-06
EX_urea_LPAREN_e_RPAREN_,3.35E-06,-2.86E-05
EX_uri_LPAREN_e_RPAREN_,0,-2.35E-06
EX_val_DASH_L_LPAREN_e_RPAREN_,0,-3.50E-06
EX_xan_LPAREN_e_RPAREN_,0,-4.53E-06
EX_xmp_LPAREN_e_RPAREN_,0,0
EX_xtsn_LPAREN_e_RPAREN_,0,-2.06E-06
EX_xyl_DASH_D_LPAREN_e_RPAREN_,0,0
EX_xylu_DASH_L_LPAREN_e_RPAREN_,0,0
EX_zn2_LPAREN_e_RPAREN_,-0.000319563,-0.000319596
12DGR120tipp,3.93E-05,-3.50E-05
12DGR140tipp,0,-3.50E-05
12DGR141tipp,0,-3.50E-05
12DGR160tipp,0,-3.50E-05
12DGR161tipp,0,-3.50E-05
12DGR180tipp,0,-3.50E-05
12DGR181tipp,7.87E-05,-3.50E-05
12PPDRtex,5.43E-06,0
12PPDRtpp,5.43E-06,0
12PPDStex,5.72E-06,0
12PPDStpp,5.72E-06,0
14GLUCANabcpp,0,0
14GLUCANtexi,0,0
23CAMPtex,0,0
23CCMPtex,0,0
23CGMPtex,0,0
23CUMPtex,0,0
23DAPPAt2pp,0,0
23DAPPAtex,0,0
23PDE2pp,0,0
23PDE4pp,0,0
23PDE7pp,0,0
23PDE9pp,0,0
26DAHtex,0,0
2AGPA120tipp,0.000104917,-2.62E-05
2AGPA140tipp,0,-0.00031475
2AGPA141tipp,0,-0.00031475
2AGPA160tipp,0,-3.93E-05
2AGPA161tipp,0,-3.93E-05
2AGPA180tipp,0,-6.99E-05
2AGPA181tipp,0,-2.62E-05
2AGPE120tipp,0,-2.62E-05
2AGPE140tipp,0,-0.00031475
2AGPE141tipp,0.00031475,-6.30E-05
2AGPE160tipp,0,-2.62E-05
2AGPE161tipp,0,-2.62E-05
2AGPE180tipp,5.72E-05,-0.000209833
2AGPE181tipp,0,-2.62E-05
2AGPEAT120,0,-3.93E-05
2AGPEAT140,0,-0.000157375
2AGPEAT141,0.0006295,-3.93E-05
2AGPEAT160,2.42E-05,-2.62E-05
2AGPEAT161,3.15E-05,-2.62E-05
2AGPEAT180,0.00031475,-0.000209833
2AGPEAT181,4.50E-05,-2.62E-05
2AGPG120tipp,0,-0.000104917
2AGPG140tipp,0,-0.000104917
2AGPG141tipp,0,-0.00031475
2AGPG160tipp,0,-2.62E-05
2AGPG161tipp,0,-2.62E-05
2AGPG180tipp,0,-0.00031475
2AGPG181tipp,0,-2.62E-05
2AGPGAT120,0,-3.93E-05
2AGPGAT140,0,-6.30E-05
2AGPGAT141,0,-5.25E-05
2AGPGAT160,2.62E-05,-2.62E-05
2AGPGAT161,2.62E-05,-2.62E-05
2AGPGAT180,0,-0.000209833
2AGPGAT181,2.62E-05,-2.62E-05
2DGULRGx,0,0
2DGULRGy,0,0
2DGULRx,0,0
2DGULRy,0,0
2MAHMP,0,-7.87E-05
34dhpactex,0,0
3AMACHYD,0,-4.20E-06
3AMPtex,0,0
3CMPtex,0,0
3GMPtex,0,0
3HAD100,0,-3.15E-05
3HAD120,0,-6.30E-05
3HAD121,0,-3.15E-05
3HAD140,0,-6.30E-05
3HAD141,2.89E-06,-1.57E-05
3HAD160,0,-6.30E-05
3HAD161,0.000104917,-0.0001259
3HAD180,0,-2.03E-05
3HAD181,0,-6.30E-05
3HAD40,0,-2.86E-05
3HAD60,0,-2.86E-05
3HAD80,4.63E-06,-2.86E-05
3HCINNMH,0,0
3HPPPNH,0,0
3HPPtex,4.20E-06,0
3HPPtpp,0,-4.20E-06
3KGK,0,0
3NTD2pp,0,0
3NTD4pp,0,0
3NTD7pp,0,0
3NTD9pp,0,0
3OAR100,0,-6.30E-05
3OAR120,0,-6.30E-05
3OAR121,0,-1.66E-05
3OAR140,0.0321608,0.0320978
3OAR141,9.84E-06,-3.50E-05
3OAR160,0,-6.30E-05
3OAR161,0.00031475,-0.00031475
3OAR180,0,-2.33E-05
3OAR181,0,-6.30E-05
3OAR40,1.02E-05,-2.86E-05
3OAR60,1.12E-05,-2.86E-05
3OAR80,1.12E-05,-2.86E-05
3OAS100,0,-3.15E-05
3OAS120,0,-6.30E-05
3OAS121,0,-3.15E-05
3OAS140,0.0321608,0.0320978
3OAS141,2.89E-06,-1.57E-05
3OAS160,0,-6.30E-05
3OAS161,0.000104917,-0.0001259
3OAS180,0,-2.03E-05
3OAS181,0,-6.30E-05
3OAS60,0,-2.86E-05
3OAS80,4.63E-06,-2.86E-05
3OXCOAT,0,0
3PEPTabcpp,1.30E-06,-7.87E-05
3PEPTtex,1.30E-06,0
3UMPtex,0,0
42A12BOOXpp,0,0
4HOXPACDtex,0,0
4HTHRS,0,0
4PCP,0,-0.000104917
4PCPpp,0,-0.00031475
4PEPTabcpp,0.00031475,-0.000104917
4PEPTtex,1.09E-06,0
5DGLCNR,3.93E-06,0
5DGLCNt2rpp,3.93E-06,0
5DGLCNtex,3.93E-06,0
5DOAN,0.00022786,0.000224439
5MTRtex,-0.00665139,-0.00665232
5MTRtpp,0.00665232,0.00665139
A5PISO,0.0241206,0.0241202
AACPS1,0.00810315,0.00772545
AACPS2,0.00031475,-0.0006295
AACPS3,0.119716,0.119527
AACPS4,0.0933802,0.0929605
AACPS5,0.0480279,0.0478863
AACPS6,0,-7.87E-05
AACPS7,0.0402639,0.0401223
AACPS8,6.30E-05,-7.87E-05
AACPS9,2.86E-05,-7.57E-05
AACTOOR,0,-8.99E-05
AADDGT,0,-2.54E-07
AAMYL,0,0
AAMYLpp,0,0
AB6PGH,0,0
ABTA,4.63E-06,-0.000104917
ABUTD,0,-2.62E-05
ABUTt2pp,0,1000
ABUTtex,4.63E-06,0
ACACCT,0,0
ACACT1r,0.308956,0.308919
ACACT2r,0.308956,0.308919
ACACT3r,0.308956,0.308927
ACACT4r,0.30896,0.308924
ACACT5r,0.308988,0.308924
ACACT6r,0.268787,0.268723
ACACT7r,0.260746,0.260683
ACACT8r,-0.047965,-0.0480279
ACACt2pp,0,0
ACACtex,0,0
ACALD,0.000104917,-0.00031475
ACALDtex,8.51E-06,0
ACALDtpp,8.51E-06,0
ACANTHAT,0,0
ACBIPGT,0,0
ACCOAC,0.032512,0.0315678
ACCOAL,0,1000
ACGAL1PPpp,0,0
ACGAL1Ptex,0,0
ACGALtex,0,0
ACGAM1PPpp,0,0
ACGAM1Ptex,0,0
ACGAMK,1.24E-06,-8.28E-06
ACGAMT,0,-2.54E-07
ACGAptspp,0,0
ACGAtex,0,0
ACGK,0.322983,0.322904
ACGS,0.322983,0.322904
ACHBS,0.278472,0.27847
ACKr,-995.879,0.58345
ACLS,0.837987,0.837984
ACM6PH,1.83E-06,-8.28E-06
ACMAMUT,0,-2.54E-07
ACMANAptspp,0,0
ACMANAtex,0,0
ACMUMptspp,0,0
ACMUMtex,0,0
ACNAMt2pp,0,0
ACNAMtex,0,0
ACNML,0,0
ACOAD1f,-0.308919,-0.308956
ACOAD2f,-0.308919,-0.308956
ACOAD3f,-0.308927,-0.308956
ACOAD4f,-0.308924,-0.30896
ACOAD5f,-0.308924,-0.308988
ACOAD6f,-0.268723,-0.268787
ACOAD7f,-0.167618,-0.167681
ACOAD8f,0,-2.42E-05
ACOATA,7.87E-05,-2.86E-05
ACODA,0.322983,0.322948
ACOLIPAabctex,0,-9.12E-08
ACONIs,0,0
ACONMT,0,0
ACONTa,4.98561,4.98519
ACONTb,4.98561,4.98519
ACOTA,-0.322948,-0.322983
ACPPAT120,0,-7.87E-05
ACPPAT140,0,-7.87E-05
ACPPAT141,0,-7.87E-05
ACPPAT160,0,0.0597478
ACPPAT161,0,0.046454
ACPPAT180,0,-0.000104917
ACPPAT181,0,0.0239038
ACPS1,0,0
ACS,0,996.462
ACSERtex,4.31E-06,0
ACSERtpp,0,-4.31E-06
ACt2rpp,-1000,0
ACt4pp,0,1000
ACtex,1.21E-05,0
ADA,0,-6.30E-05
ADCL,0.000879874,0.000754776
ADCS,0.000879874,0.000754776
ADD,0,-6.30E-05
ADEt2rpp,3.86E-06,0
ADEtex,3.86E-06,0
ADK1,-1000,1000
ADK3,-1000,999.261
ADK4,7.87E-05,0
ADMDC,0.00665232,0.00665139
ADNCYC,0,-7.87E-05
ADNK1,0,0.00812328
ADNUC,0,-7.87E-05
ADNt2pp,0,1000
ADNt2rpp,-1000,0
ADNtex,1.90E-06,0
ADOCBIK,0,0
ADOCBLS,0,0
ADOCBLabcpp,0,0
ADOCBLtonex,0,0
ADPRDP,0,-1.97E-05
ADPT,0,0.00812328
ADSK,0.244492,0.244429
ADSL1r,0.286439,0.286377
ADSL2r,0.428974,0.428965
ADSS,0.286439,0.286377
AGDC,1.06E-06,-1.68E-05
AGM3PA,0,-8.39E-06
AGM3PApp,0.000104917,-7.87E-05
AGM3PH,0,-8.39E-06
AGM3Pt2pp,0,-0.00031475
AGM4PA,0,-0.000104917
AGM4PApp,0,-0.00031475
AGM4PCP,0,-0.000104917
AGM4PCPpp,0,-0.00031475
AGM4PH,0,-0.000104917
AGM4Pt2pp,0.00031475,-0.000104917
AGMH,1.06E-06,-8.39E-06
AGMHE,0.0321608,0.0321604
AGMT,3.35E-06,-2.86E-05
AGMt2pp,1.06E-06,-7.87E-05
AGMtex,3.35E-06,0
AGPAT120,0,-2.42E-05
AGPAT140,0,-2.42E-05
AGPAT141,0,-4.50E-05
AGPAT160,0.0598527,0.0597872
AGPAT161,0.0465327,0.0464934
AGPAT180,0,-7.87E-05
AGPAT181,0.0239825,0.0239431
AGPR,-0.322904,-0.322983
AGt3,0,0
AHCYSNS,0.00132178,0.00131836
AICART,0.519779,0.519769
AIRC2,0.428974,0.428965
AIRC3,-0.428965,-0.428974
AKGDH,3.91232,3.91183
AKGt2rpp,4.92E-06,0
AKGtex,4.92E-06,0
ALAALAD,0,-7.87E-05
ALAALAabcpp,0.00340758,0.00324181
ALAALAr,0.0239607,0.0237945
ALAALAtex,3.42E-06,0
ALAGLUE,0,-3.93E-05
ALAR,0.0239519,0.0236372
ALATA_D2,0,-0.00031475
ALATA_L,-1000,999.053
ALATA_L2,0,-0.00031475
ALATRS,0,0
ALAabcpp,0,-0.000104917
ALAt2pp,0,1000
ALAt2rpp,-1000,0
ALAt4pp,0,1000
ALAtex,6.99E-06,0
ALCD19,6.42E-06,0
ALCD2x,7.15E-06,0
ALDD19xr,0,0
ALDD2x,0,-7.87E-05
ALDD2y,0,-0.000104917
ALDD3y,0,0
ALDD4,0,0
ALLK,0,0
ALLPI,0,0
ALLTAMH,0,-9.40E-06
ALLTN,1.50E-05,-9.40E-06
ALLTNt2rpp,1.50E-05,0
ALLTNtex,1.50E-05,0
ALLULPE,0,0
ALLabcpp,0,0
ALLtex,0,0
ALPATE160pp,0,0
ALPATG160pp,0,0
ALR2,0,-5.33E-06
ALR4x,0,-5.33E-06
ALTRH,0,0
AM3PA,7.51E-07,-8.28E-06
AM4PA,0,-0.000104917
AM4PCP,0,-0.000104917
AMALT1,0,-7.87E-05
AMALT2,0,0
AMALT3,0,0
AMALT4,0,0
AMANAPEr,0,0
AMANK,0,0
AMAOTr,1.97E-06,1.97E-06
AMMQLT8,0.000219969,0.000219969
AMPMS2,0.000219969,0.000219376
AMPN,0,-7.87E-05
AMPTASECG,2.82E-06,-3.50E-05
AMPTASEPG,0,0
AMPtex,0,0
ANHGMtex,9.26E-07,0
ANHMK,1.06E-06,-8.28E-06
ANPRT,0.0544831,0.0544812
ANS,0.0544831,0.0544812
AOBUTDs,0,-8.99E-05
AOXSr2,1.97E-06,1.97E-06
AP4AH,0,-7.87E-05
AP4AS,0,-7.87E-05
AP5AH,0,0
APCS,0,0
APG3PAT120,0,-2.42E-05
APG3PAT140,0,-2.42E-05
APG3PAT141,0,-4.50E-05
APG3PAT160,7.87E-05,0.0597872
APG3PAT161,7.87E-05,0.0464934
APG3PAT180,0,-0.00031475
APG3PAT181,7.87E-05,0.0239195
APH120,2.42E-05,-7.87E-05
APH140,2.42E-05,-7.87E-05
APH141,0.00031475,-0.000104917
APH160,0,-7.87E-05
APH161,0,-7.87E-05
APH180,0,-7.87E-05
APH181,0,-7.87E-05
APPLDHr,0,0
APRAUR,0.000439937,0.000439937
ARAI,3.98E-06,0
ARBTNR1,0,-1.37E-05
ARBTNR2,0,-1.37E-05
ARBTNR3,0,-1.37E-05
ARBTNabcpp,0,-6.30E-05
ARBTNexs,0,-2.74E-05
ARBTNtex,0,-2.74E-05
ARBTNtonex,0,-6.30E-05
ARBTNtpp,0,-2.74E-05
ARBTptspp,0,0
ARBTtex,0,0
ARBabcpp,0,-0.000104917
ARBt2rpp,0.000104917,-0.000157375
ARBt3ipp,0,-0.000157375
ARBtex,3.98E-06,0
ARGAGMt7pp,0.00031475,-3.35E-06
ARGDC,0.00031475,-2.86E-05
ARGDCpp,0,-2.62E-05
ARGORNt7pp,0.000104917,-0.000157375
ARGSL,0.283513,0.283484
ARGSS,0.283513,0.283484
ARGTRS,0,0
ARGabcpp,0,-0.000104917
ARGt3pp,0,-0.000157375
ARGtex,2.97E-06,0
ASAD,-1.03191,-1.03193
ASCBPL,0,0
ASCBptspp,0,0
ASCBtex,0,0
ASNN,0,-7.87E-05
ASNNpp,0,-7.87E-05
ASNS1,0,-7.87E-05
ASNS2,0.231125,0.230967
ASNTRS,0,0
ASNabcpp,0,-0.000104917
ASNt2rpp,0.000104917,0
ASNtex,5.83E-06,0
ASO3t8pp,0,0
ASO3tex,0,0
ASP1DC,0.00056817,0.00056817
ASPCT,0.31597,0.315963
ASPK,1.03193,1.03191
ASPO3,0,-0.000104917
ASPO4,0,-0.000104917
ASPO5,0,-0.000104917
ASPO6,0.00235294,0.00224802
ASPT,0,-0.00031475
ASPTA,-2.81142,-2.81174
ASPTRS,0,0
ASPabcpp,0,-0.000104917
ASPt2_2pp,0,-0.00031475
ASPt2_3pp,0,-0.000157375
ASPt2pp,0,1000
ASPt2rpp,-1000,-7.87E-05
ASPtex,6.30E-06,0
ASR,0,0
AST,0,-1.43E-05
ATHRDHr,0.00031475,0
ATPHs,0,-3.50E-05
ATPM,3.15,3.14992
ATPPRT,0.0908046,0.0908016
ATPS4rpp,56.0788,56.078
BALAt2pp,0,0
BALAtex,0,0
BETALDHx,0,0
BETALDHy,0,0
BMOCOS,0.000114423,0.00526706
BMOGDS1,0.000114423,0.000114423
BMOGDS2,0.000114423,0.000114423
BPNT,0.244492,0.244429
BSORx,0,0
BSORy,0,0
BTNt2ipp,0,0
BTNtex,0,0
BTS5,1.97E-06,1.97E-06
BUTCT,0,0
BUTSO3abcpp,0,0
BUTSO3tex,0,0
BUTt2rpp,0,0
BUTtex,0,0
BWCOGDS1,0,0
BWCOGDS2,0,0
BWCOS,0,0
CA2t3pp,0,999.995
CA2tex,0.00488468,0.00488468
CADVtpp,0,-2.67E-06
CAT,0,0
CAt6pp,-1000,-0.00488468
CBIAT,0,0
CBItonex,0,0
CBIuabcpp,0,0
CBL1abcpp,0.000219969,0.000219969
CBL1tonex,0.000219969,0.000219969
CBLAT,0.000219969,0.000219969
CBMD,0,-4.20E-06
CBMKr,0.599522,0.599454
CBPS,0,-3.93E-05
CCGS,0,0
CD2abcpp,0,-7.87E-05
CD2t3pp,0,-0.00031475
CD2tex,0,0
CD2tpp,0,-0.00031475
CDAPPA120,0.00031475,-7.87E-05
CDAPPA140,0,-7.87E-05
CDAPPA141,0,-0.000157375
CDAPPA160,0,-7.87E-05
CDAPPA161,0,-7.87E-05
CDAPPA180,0,-7.87E-05
CDAPPA181,0,-7.87E-05
CDGR,0,0
CDGS,0,0
CDPMEK,0.00653593,0.00653593
CFAS160E,0,0
CFAS160G,0,0
CFAS180E,0,0
CFAS180G,0,0
CGLYabcpp,2.82E-06,-3.50E-05
CGLYtex,2.82E-06,0
CHLabcpp,0,0
CHLt2pp,0,0
CHLtex,0,0
CHOLD,0,0
CHORM,0.309961,0.309959
CHORS,0.366864,0.366862
CHRPL,0.000219969,0.000219968
CHTBSptspp,0,0
CHTBStex,0,0
CINNDO,0,0
CITL,0,-7.87E-05
CITt3pp,0,-0.000104917
CITt7pp,4.37E-06,-0.000104917
CITtex,4.37E-06,0
CLIPAabctex,0,-1.36E-07
CLPNH120pp,1.85E-05,-0.000104917
CLPNH140pp,0,-0.000104917
CLPNH141pp,0.00031475,-6.30E-05
CLPNH160pp,0,-1.97E-05
CLPNH161pp,0,-1.97E-05
CLPNH180pp,0,-0.000104917
CLPNH181pp,0,-1.97E-05
CLPNS120pp,0,-0.000104917
CLPNS140pp,0,-0.00031475
CLPNS141pp,0,-5.25E-05
CLPNS160pp,0.00290398,0.00285901
CLPNS161pp,0.00225887,0.00221391
CLPNS180pp,0,-7.87E-05
CLPNS181pp,0.00116396,0.00111899
CLt3_2pp,0.00244234,0.00244234
CLtex,0.00488468,0.00488468
CMPN,0,-3.93E-05
CMPtex,0,0
CMtex,0,-0.00031475
CMtpp,0,-0.00031475
CO2tex,-19.6612,-19.6615
CO2tpp,-19.6612,-19.6618
COBALT2abcpp,0,-7.87E-05
COBALT2t3pp,0,-0.00031475
COBALT2tex,2.37E-05,0.159065
COBALT2tpp,2.37E-05,-0.000291076
COLIPAKpp,0,-6.84E-08
COLIPAPabctex,0,-6.84E-08
COLIPAabcpp,0.0080402,0.0080401
COLIPAabctex,0.0080402,0.0080401
CPGNR1,0,-1.37E-05
CPGNR2,0,-1.37E-05
CPGNR3,0,-3.15E-05
CPGNUtex,0,-2.74E-05
CPGNUtpp,0,-2.74E-05
CPGNabcpp,0,-2.74E-05
CPGNexs,0,-2.74E-05
CPGNtonex,0,-2.74E-05
CPH4S,0,0
CPMPS,0.000242656,0.000242655
CPPPGO,0.000441648,0.000439463
CPPPGO2,0,-1.71E-06
CRNBTCT,0,0
CRNCAL2,0,0
CRNCAR,0,0
CRNCBCT,0,0
CRNCDH,0,0
CRNDCAL2,0,0
CRNDabcpp,0,-0.000104917
CRNDt2rpp,0.000104917,1000
CRNDtex,0,0
CRNabcpp,0,-0.000104917
CRNt2rpp,-1000,0
CRNt7pp,0,0
CRNt8pp,0,1000
CRNtex,0,0
CS,4.98561,4.98517
CSND,0,-7.87E-05
CSNt2pp,0,0
CSNtex,0,0
CTBTCAL2,0,0
CTBTabcpp,0,-0.000104917
CTBTt2rpp,0.000104917,0
CTECOAI6,0.00031475,-0.000104917
CTECOAI7,-0.0927507,-0.0931284
CTECOAI8,-0.047965,-0.0480279
CTPS2,0.153306,0.153228
CU1Opp,0,0
CU1abcpp,0,0
CU2abcpp,0,-7.87E-05
CU2tex,0.000664838,0.000468223
CU2tpp,0.000664838,0.00058615
CUt3,0,0
CUtex,0,0
CYANST,0,0
CYANSTpp,0,0
CYANtex,0,0
CYNTAH,0,0
CYNTt2pp,0,0
CYNTtex,0,0
CYSDDS,0,0
CYSDS,0,-3.50E-05
CYSDabcpp,0,0
CYSDtex,0,0
CYSS,0.244492,0.244457
CYSSADS,0,0
CYSTL,0.154184,0.154183
CYSTRS,0,0
CYSabc2pp,0,-3.93E-05
CYSabcpp,3.66E-06,-7.87E-05
CYStex,3.66E-06,0
CYStpp,0,-7.87E-05
CYTBD2pp,0,-0.000157375
CYTBDpp,0,-0.000157375
CYTBO3_4pp,35.2997,35.2992
CYTD,0,-7.87E-05
CYTDH,0,-3.93E-05
CYTDK2,7.87E-05,-7.87E-05
CYTDt2pp,0,1000
CYTDt2rpp,-1000,0
CYTDtex,2.20E-06,0
CYTK1,0.161645,0.161488
CYTK2,7.87E-05,-7.87E-05
D_DASH_LACt2pp,7.15E-06,0
D_DASH_LACtex,7.15E-06,0
DAAD,0,-0.00031475
DADA,0,-6.30E-05
DADK,7.87E-05,-7.87E-05
DADNt2pp,0,0
DADNtex,0,0
DAGK120,0,-7.87E-05
DAGK140,0,-7.87E-05
DAGK141,0,-7.87E-05
DAGK160,3.93E-05,-7.87E-05
DAGK161,4.34E-07,-7.87E-05
DAGK180,0,-7.87E-05
DAGK181,0,-7.87E-05
DALAt2pp,0.0239589,0.0236372
DALAtex,6.99E-06,0
DAMPtex,0,0
DAPAL,0,0
DAPDC,0.328917,0.328914
DAPE,0.356119,0.356116
DAPabcpp,0,0
DAPtex,2.67E-06,0
DASYN120,0,-0.000104917
DASYN140,0,-0.000104917
DASYN141,0,-0.000157375
DASYN160,0.0598265,0.0597478
DASYN161,0.0468475,0.046454
DASYN180,0,-7.87E-05
DASYN181,0.0239825,0.0239038
DATPHs,0,-2.42E-05
DB4PS,0.000879874,0.000879894
DBTS,1.97E-06,1.97E-06
DC6PH,0,0
DCAtex,0,0
DCMPtex,0,0
DCTPD,0,-3.93E-05
DCYTD,0,-3.93E-05
DCYTt2pp,0,0
DCYTtex,0,0
DDCAtexi,0,0
DDGALK,0,0
DDGLCNt2rpp,0,0
DDGLCNtex,0,0
DDGLK,0,0
DDPA,0.366864,0.366861
DDPGALA,0,0
DGK1,7.87E-05,-7.87E-05
DGMPtex,0,0
DGSNt2pp,0,0
DGSNtex,0,0
DHACOAH,0,0
DHAD1,0.837987,0.837984
DHAD2,0.278472,0.27847
DHAPT,0,0.638431
DHAtex,6.56E-06,0
DHAtpp,6.56E-06,0
DHBD,0.000659906,0.000658051
DHBS,0.000659906,0.000604361
DHBSH,0,-5.55E-05
DHCIND,0,0
DHCINDO,0,0
DHDPRy,0.356119,0.356116
DHDPS,0.356119,0.356116
DHFR,0.0253477,0.0253436
DHFS,0.000879874,0.000754776
DHMPTR,0,0
DHNAOT4,0.000439937,0.000439937
DHNCOAS,0.000439937,0.000439937
DHNCOAT,0.000439937,0.000439937
DHNPA2r,0.000879874,0.000754776
DHNPTE,0,0
DHORD2,0,0.315963
DHORD5,0,0.315963
DHORDfum,0,0.315963
DHORTS,-0.315963,-0.31597
DHPPD,0,0
DHPPDA2,0.000439937,0.000439937
DHPS2,0.000879874,0.000879874
DHPTDCs2,0.00132178,0.00131836
DHPTDNR,0,0
DHPTDNRN,0,0
DHPTPE,0,0
DHQS,0.366864,0.366861
DHQTi,0.366864,0.366861
DIMPtex,0,0
DINSt2pp,0,0
DINStex,0,0
DKGLCNR1,0,0
DKGLCNR2x,0,0
DKGLCNR2y,0,0
DMATT,0.000934126,0.000933879
DMPPS,0,0.00653593
DMQMT,0.000219969,0.000219969
DMSOR1,0,0
DMSOR1pp,0,0
DMSOR2,0,0
DMSOR2pp,0,0
DMSOtex,0,0
DMSOtpp,0,0
DMStex,0,0
DNMPPA,0.000879874,0.000754776
DNTPPA,0.000879874,0.000754776
DOGULNR,0,0
DOPAtex,0,0
DOXRBCNtex,0,-0.00031475
DOXRBCNtpp,0,-0.00031475
DPCOAK,0.00056817,0.00056817
DPR,0.00056817,0.00056817
DRPA,0,-0.000104917
DSBAO1,0,0
DSBAO2,0,0
DSBCGT,0,0
DSBDR,0,0
DSBGGT,0,0
DSERDHr,6.30E-05,0
DSERt2pp,0,0
DSERtex,0,0
DTARTD,0,0
DTMPK,0.0244678,0.0243891
DTMPtex,0,0
DUMPtex,0,0
DURADx,0,0
DURIK1,0,-7.87E-05
DURIPP,7.87E-05,-0.000104917
DURIt2pp,0,0
DURItex,0,0
DUTPDP,0.0245465,0.0243629
DXPRIi,0.00653593,0.00653593
DXPS,0.00697586,0.00697586
DXYLK,0,0
E4PD,0.000219969,0.000136691
EAR100x,0.00031475,-3.15E-05
EAR100y,0,-2.86E-05
EAR120x,0.00031475,-6.30E-05
EAR120y,0,-0.00031475
EAR121x,0.00031475,-3.15E-05
EAR121y,0,-0.00031475
EAR140x,0,-6.30E-05
EAR140y,0,-5.25E-05
EAR141x,0.00031475,-1.57E-05
EAR141y,0,-0.00031475
EAR160x,0,-6.30E-05
EAR160y,0,-0.00031475
EAR161x,0.00031475,-6.30E-05
EAR161y,0,-0.00031475
EAR180x,0.00031475,-4.20E-05
EAR180y,0,-0.00031475
EAR181x,0.00031475,-6.30E-05
EAR181y,0,-0.00031475
EAR40x,0.00031475,-2.86E-05
EAR40y,0,-0.00031475
EAR60x,0.00031475,-2.86E-05
EAR60y,0,-0.00031475
EAR80x,0.00031475,-2.86E-05
EAR80y,0,-2.62E-05
ECA4COLIPAabctex,0,-6.35E-08
ECA4OALpp,0,-6.35E-08
ECAP1pp,0,-6.35E-08
ECAP2pp,0,-6.35E-08
ECAP3pp,0,-6.35E-08
ECAtpp,0,-2.54E-07
ECOAH1,0.308956,0.308919
ECOAH2,0.308956,0.308919
ECOAH3,0.308956,0.308927
ECOAH4,0.30896,0.308924
ECOAH5,0.308988,0.308924
ECOAH6,0.268787,0.268723
ECOAH7,0.260746,0.260683
ECOAH8,0.0480279,0.047965
EDA,0,-0.000104917
EDD,0,-0.000104917
EDTXS1,0.0080402,0.00804005
EDTXS2,0.0080402,0.00804005
EDTXS3,0,-1.36E-07
EDTXS4,0,-1.36E-07
EGMEACPR,1.97E-06,1.97E-06
ENLIPAabctex,0,-1.38E-07
ENO,14.3096,14.3089
ENTCS,0.000219969,0.000201454
ENTERES,0,-4.50E-05
ENTERES2,0,-1.85E-05
EPMEACPR,1.97E-06,1.97E-06
ETHAAL,7.87E-05,-0.00031475
ETHAt2pp,0,-6.30E-05
ETHAtex,8.74E-06,0
ETHSO3abcpp,0,0
ETHSO3tex,0,0
ETOHtex,7.15E-06,0
ETOHtrpp,7.15E-06,0
F6PA,0.00031475,0.638431
F6PP,0,-7.87E-05
F6Pt6_2pp,0,0
F6Ptex,0,0
FA100ACPHi,0,-7.87E-05
FA120ACPHi,0,-7.87E-05
FA140ACPHi,0,-7.87E-05
FA141ACPHi,0,-0.000104917
FA160ACPHi,0,-7.87E-05
FA161ACPHi,0,-7.87E-05
FA80ACPHi,0,-7.87E-05
FACOAE100,0,-6.30E-05
FACOAE120,0.0402639,0.0401223
FACOAE140,0.00835495,0.00796151
FACOAE141,0,-7.87E-05
FACOAE160,0.119716,0.119601
FACOAE161,0.0933802,0.0929755
FACOAE180,0,-3.00E-05
FACOAE181,0.0480279,0.0479125
FACOAE60,0,-7.87E-05
FACOAE80,3.16E-05,-3.20E-05
FACOAL100t2pp,0,0
FACOAL120t2pp,5.70E-07,-7.87E-05
FACOAL140t2pp,0,-7.87E-05
FACOAL141t2pp,5.07E-07,-0.00031475
FACOAL160t2pp,0,-5.25E-05
FACOAL161t2pp,0,-5.25E-05
FACOAL180t2pp,3.67E-07,-3.93E-05
FACOAL181t2pp,0,-5.25E-05
FACOAL60t2pp,0,-7.87E-05
FACOAL80t2pp,0,0
FADRx,1.98205,1.98142
FADRx2,0,-0.00031475
FALDH2,0,0
FALDtex,0,0
FALDtpp,0,0
FALGTHLs,0,0
FBA,7.87E-05,7.63001
FBA3,0,7.63001
FBP,0,-7.87E-05
FCI,0,0
FCLK,0,0
FCLPA,0,0
FCLT,0.000439937,0.000439463
FDH4pp,0,-0.0006295
FDH5pp,0,-0.0006295
FDMO,0,0
FDMO2,0,0
FDMO3,0,0
FDMO4,0,0
FDMO6,0,0
FE2abcpp,0,-7.87E-05
FE2t2pp,0,-0.00031475
FE2t3pp,0,-0.00031475
FE2tex,0.0155258,1.39822
FE2tpp,0.0156307,0.0150012
FE3DCITabcpp,0,0
FE3DCITtonex,0,0
FE3DHBZR,0,0
FE3DHBZSabcpp,0,0
FE3DHBZStonex,0,0
FE3HOXR1,0,-1.37E-05
FE3HOXR2,0,-1.37E-05
FE3HOXR3,0,-1.37E-05
FE3HOXUtex,0,-2.74E-05
FE3HOXUtpp,0,-2.74E-05
FE3HOXabcpp,0,-2.74E-05
FE3HOXexs,0,-2.74E-05
FE3HOXtonex,0,-2.74E-05
FE3Ri,0,-2.25E-05
FE3abcpp,0,-0.000209833
FE3tex,-1.3829,-0.000209833
FECRMR1,0,-1.37E-05
FECRMR2,0,-1.37E-05
FECRMR3,0,-1.37E-05
FECRMUtex,0,-2.74E-05
FECRMUtpp,0,-2.74E-05
FECRMabcpp,0,-2.74E-05
FECRMexs,0,-2.74E-05
FECRMtonex,0,-2.74E-05
FEENTERR1,0,-1.37E-05
FEENTERR2,0,-2.42E-05
FEENTERR3,0,-2.25E-05
FEENTERabcpp,6.33E-07,-2.74E-05
FEENTERexs,6.33E-07,-2.74E-05
FEENTERtex,0,-2.74E-05
FEENTERtonex,6.33E-07,-2.74E-05
FEENTERtpp,0,-2.74E-05
FEOXAMR1,0,-1.37E-05
FEOXAMR2,0,-1.37E-05
FEOXAMR3,0,-1.37E-05
FEOXAMUtex,0,-2.74E-05
FEOXAMUtpp,0,-2.74E-05
FEOXAMabcpp,0,-2.74E-05
FEOXAMexs,0,-2.74E-05
FEOXAMtonex,0,-2.74E-05
FEROpp,0,0.345726
FESD1s,0.00376843,0.00361855
FESD2s,0,0
FESR,0.00753686,0.00728206
FFSD,0,0
FHL,0,0
FLDR2,0,-0.00031475
FLVR,0,-0.00031475
FLVRx,0.00031475,-1.37E-05
FMETTRS,0,0
FMNAT,0.000219969,-0.000456233
FMNRx,0,-1.37E-05
FMNRx2,0,-0.00031475
FOMETRi,0,1000
FORCT,0,0
FORt2pp,0,-0.0006295
FORtex,5.25E-05,0
FORtppi,0,-0.0006295
FRD2,0,31.386
FRD3,0,31.0701
FRUK,0,0
FRULYSDG,0,0
FRULYSE,0,0
FRULYSK,0,0
FRULYSt2pp,0,0
FRULYStex,0,0
FRUURt2rpp,0,0
FRUURtex,0,0
FRUpts2pp,0,0
FRUptspp,0,0
FRUtex,0,0
FTHFD,0,-7.87E-05
FTHFLi,0,0.00242979
FUCtex,0,0
FUCtpp,0,0
FUM,4.91108,4.91052
FUMt2_2pp,0,0
FUMt2_3pp,0,0
FUMtex,0,0
FUSAtex,0,-0.00031475
FUSAtpp,0,-0.00031475
G1PACT,0.0704846,0.0704671
G1PPpp,0,0
G1PTT,0.0080402,0.00803988
G1Ptex,0,0
G1SAT,0.00527924,0.00527545
G2PP,0,0
G2PPpp,0,0
G3PAT120,0,-1.85E-05
G3PAT140,0,-1.85E-05
G3PAT141,0,-2.86E-05
G3PAT160,0,0.0597478
G3PAT161,0,0.046454
G3PAT180,0,-7.87E-05
G3PAT181,0,0.0239038
G3PCabcpp,0,0
G3PCtex,0,0
G3PD2,-0.159132,-0.159447
G3PD5,0,-7.87E-05
G3PD6,0,-7.87E-05
G3PD7,0,-7.87E-05
G3PEabcpp,0,-0.000104917
G3PEtex,3.28E-06,0
G3PGabcpp,0,-7.87E-05
G3PGtex,2.71E-06,0
G3PIabcpp,0,0
G3PItex,0,0
G3PSabcpp,0,0
G3PStex,0,0
G3PT,0,-7.87E-05
G5SADs,0.21188,0.211817
G5SD,0.211959,0.211817
G6PDA,0,-7.87E-05
G6PDH2r,3.97363,3.97316
G6PP,0,-7.87E-05
G6Pt6_2pp,0,0
G6Ptex,0,0
GAL1PPpp,0,0
GAL1Ptex,0,0
GALBDtex,0,0
GALCTD,0,0
GALCTLO,0,0
GALCTND,0,0
GALCTNLt2pp,0,0
GALCTNLtex,0,0
GALCTNt2pp,0,0
GALCTNtex,0,0
GALCTt2rpp,0,0
GALCTtex,0,0
GALKr,3.31E-06,0
GALM2pp,0,0
GALS3,1.65E-06,0
GALT1,0.0080402,0.0080401
GALTptspp,0,0
GALTtex,0,0
GALURt2rpp,0,0
GALURtex,0,0
GALUi,0.0321608,0.0320559
GALabcpp,0,-0.000104917
GALt2pp,0.000104917,0
GALtex,3.31E-06,0
GAM6Pt6_2pp,0,0
GAMAN6Ptex,0,0
GAMptspp,0,0
GAMtex,0,0
GAPD,15.9282,15.9281
GARFT,0.426764,0.429185
GART,0,0.00242979
GBBTNtex,0,0
GCALDD,0.000879874,0.000754776
GDMANE,0,0
GDPDPK,0,-7.87E-05
GDPMNH,0,-7.87E-05
GDPMNP,0,-7.87E-05
GDPTPDP,7.87E-05,-7.87E-05
GDPtex,0,0
GF6PTA,0.0704846,0.0704059
GGGABADr,0,-2.42E-05
GGGABAH,0,-1.97E-05
GGPTRCO,0,-1.97E-05
GGPTRCS,0,-1.97E-05
GHBDHx,0,0
GHMT2r,1.07218,1.07176
GK1,0.233339,0.233261
GLBRAN2,0,1000
GLCATr,0,0
GLCDpp,0,-7.87E-05
GLCNt2rpp,3.58E-06,-7.87E-05
GLCNtex,3.58E-06,0
GLCP,0,996.462
GLCP2,0,996.462
GLCRAL,0,0
GLCRD,0,0
GLCRt2rpp,0,0
GLCRtex,0,0
GLCS1,0.152094,996.614
GLCTR1,0.0080402,0.0080401
GLCTR2,0.0080402,0.0080401
GLCTR3,0.0080402,0.0080401
GLCUR1Ptex,0,0
GLCURt2rpp,0,0
GLCURtex,0,0
GLCabcpp,0,-0.000104917
GLCptspp,10.0003,10
GLCt2pp,0,-0.00031475
GLCtex,-990,10
GLCtexi,0,1000
GLDBRAN2,0,1000
GLGC,0.152094,996.614
GLNS,1.71392,1.71361
GLNTRS,0,0
GLNabcpp,0,0
GLNtex,0,0
GLTPD,0,0
GLU5K,0.211959,0.211817
GLUABUTt7pp,0,1000
GLUCYS,0.000219969,0.000184996
GLUDC,0,-0.000104917
GLUDy,-8.24106,-8.24148
GLUN,0,-7.87E-05
GLUNpp,0,0
GLUPRT,0.429194,0.429185
GLUR,-0.0271628,-0.0272021
GLUSy,0,-7.87E-05
GLUTRR,0.00527924,0.00527545
GLUTRS,0.00527924,0.00527545
GLUabcpp,0,-0.000104917
GLUt2rpp,-1000,-0.00031475
GLUt4pp,0,1000
GLUtex,4.37E-06,0
GLXCL,0,-5.25E-05
GLYALDtex,6.42E-06,0
GLYALDtpp,6.42E-06,0
GLYAT,6.99E-05,-0.00031475
GLYBabcpp,0,0
GLYBt2pp,0,0
GLYBtex,0,0
GLYC2Pabcpp,0,0
GLYC2Ptex,0,0
GLYC3Pabcpp,0,-0.000104917
GLYC3Pt6pp,0.00031475,-5.25E-05
GLYC3Ptex,5.25E-06,0
GLYCAt2rpp,8.51E-06,0
GLYCAtex,8.51E-06,0
GLYCDx,0,-0.00031475
GLYCK,0,-5.25E-05
GLYCK2,0,-5.25E-05
GLYCL,0.0555616,0.055142
GLYCLTDx,0,-0.000104917
GLYCLTDy,0,-7.87E-05
GLYCLTt2rpp,-1000,0
GLYCLTt4pp,0,1000
GLYCLTtex,1.43E-05,0
GLYCTO2,0,0.000774957
GLYCTO3,0,0.000774957
GLYCTO4,0,0.000774957
GLYCtex,5.62E-06,0
GLYCtpp,-0.00624812,-0.00643172
GLYK,0.00664156,0.00616943
GLYOX,0,-8.99E-05
GLYOX3,0,-8.99E-05
GLYTRS,0,0
GLYt2pp,0,1000
GLYt2rpp,-1000,0
GLYt4pp,0,1000
GLYtex,1.28E-05,0
GMAND,0,0
GMHEPAT,0.0321608,0.0321604
GMHEPK,0.0321608,0.0321604
GMHEPPA,0.0321608,0.0321604
GMPR,0,-3.50E-05
GMPS2,0.233339,0.2333
GMPtex,0,0
GND,3.97354,3.97297
GNK,0,-7.87E-05
GOFUCR,0,0
GP4GH,0,0
GPDDA1,0,0
GPDDA1pp,0,0
GPDDA2,0.00031475,-0.00031475
GPDDA2pp,0.000104917,-6.30E-05
GPDDA3,0,0
GPDDA3pp,0,0
GPDDA4,0.000104917,-0.00031475
GPDDA4pp,0,-0.000104917
GPDDA5,0,0
GPDDA5pp,0,0
GRTT,0.000934126,0.000933879
GRXR,0,0.244429
GSNK,0,-7.87E-05
GSNt2pp,0,0
GSNtex,0,0
GSPMDA,0,-7.87E-05
GSPMDS,0,-7.87E-05
GTHOXtex,0,0
GTHOr,0,0.244429
GTHPi,0,-2.10E-05
GTHRDHpp,0,-3.50E-05
GTHRDabc2pp,0,-3.93E-05
GTHRDabcpp,0,-3.93E-05
GTHRDtex,1.64E-06,0
GTHS,0.000219969,0.000184996
GTPCI,0.000879874,0.000879874
GTPCII2,0.000439937,0.000439937
GTPDPDP,0,-7.87E-05
GTPDPK,0,-7.87E-05
GTPHs,0,-2.62E-05
GTPtex,0,0
GUACYC,0,-7.87E-05
GUAD,0,-3.93E-05
GUAPRT,0,-7.87E-05
GUAt2pp,0,-0.00031475
GUAtex,4.01E-06,0
GUAtpp,0.00031475,0
GUI1,0,0
GUI2,0,0
GUR1PPpp,0,0
H2O2tex,0,0
H2Otex,-45.7896,-45.0984
H2Otpp,-45.1179,-45.1183
H2SO,0,-7.15E-06
H2St1pp,0,-7.32E-06
H2Stex,7.32E-06,0
H2tex,0,0
H2tpp,0,0
HACD1,0.308956,0.308919
HACD2,0.308956,0.308919
HACD3,0.308956,0.308927
HACD4,0.30896,0.308924
HACD5,0.308988,0.308924
HACD6,0.268787,0.268723
HACD7,0.260998,0.260683
HACD8,0.0480279,0.047965
HADPCOADH3,0,0
HBZOPT,0.000219969,0.000219968
HCINNMt2rpp,0,0
HCINNMtex,0,0
HCO3E,0.461486,0.460542
HCYSMT,0,-3.42E-06
HCYSMT2,0,0
HDCAtexi,0,0
HDCEAtexi,0,0
HEMEOS,0.000219969,0.000219969
HEPK1,0.0080402,0.0080401
HEPK2,0.0080402,0.0080401
HEPT1,0.0080402,0.0080401
HEPT2,0.0080402,0.0080401
HEPT3,0.0080402,0.0080401
HEPT4,0.0080402,0.0080401
HETZK,0,0
HEX1,0,-0.00031475
HEX4,0,-7.87E-05
HEX7,0,-0.00031475
HEXt2rpp,7.87E-05,0
HG2abcpp,0,0
HG2t3pp,0,0
HG2tex,0,0
HISTD,0.0908046,0.0908016
HISTP,0.0908046,0.0908016
HISTRS,0,0
HISabcpp,0,-0.000104917
HISt2rpp,0.000104917,0
HIStex,2.96E-06,0
HKNDDH,0,0
HKNTDH,0,0
HMBS,0.000659906,0.000659432
HMPK1,0,0
HOMt2pp,0,-4.43E-06
HOMtex,4.43E-06,0
HOPNTAL,0,0
HPPK2,0.000879874,0.000879874
HPPPNDO,0,0
HPPPNt2rpp,0,0
HPPPNtex,0,0
HPYRI,-1000,0
HPYRRx,0,1000
HPYRRy,0,-0.00031475
HSDy,-0.675788,-0.675815
HSK,0.521631,0.521604
HSST,0.154184,0.154183
HSTPT,0.0908046,0.0908016
HXAND,0,-7.87E-05
HXAtex,2.76E-06,0
HXCT,0,-7.87E-05
HXPRT,0,-7.87E-05
HYD1pp,0,0
HYD2pp,0,0
HYD3pp,0,0
HYPOE,0,-7.87E-05
HYXNtex,4.11E-06,0
HYXNtpp,4.11E-06,0
Htex,-8.75145,-7.36918
I2FE2SR,0.000159348,1.97E-06
I2FE2SS,0.000347976,0.000151258
I2FE2SS2,0.000326275,0.000247588
I2FE2ST,0.000102361,2.33E-05
I4FE4SR,0.000326275,0.000247077
I4FE4ST,0.000326275,0.000247588
ICDHyr,4.98567,4.98519
ICHORS,-999.999,0.00109799
ICHORSi,0,1000
ICHORT,0.000659906,0.000658051
ICL,0,-0.00031475
ICYSDS,0.00189838,0.00174059
IDOND,0.00031475,-3.62E-06
IDOND2,0,-0.00031475
IDONt2rpp,3.62E-06,0
IDONtex,3.62E-06,0
IG3PS,0.0908046,0.0908016
IGPDH,0.0908046,0.0908016
IGPS,0.0544831,0.0544812
ILETA,-0.27847,-0.278472
ILETRS,0,0
ILEabcpp,0,-0.000104917
ILEt2rpp,0.000104917,0
ILEtex,2.50E-06,0
IMPC,-0.519769,-0.519779
IMPD,0.233418,0.233304
IMPtex,0,0
INDOLEt2pp,0,1000
INDOLEt2rpp,1.91E-06,1000
INDOLEtex,1.91E-06,0
INOSTt4pp,0,0
INSH,0,-7.87E-05
INSK,0,-7.87E-05
INSTtex,0,0
INSt2pp,0,1000
INSt2rpp,-1000,0
INStex,1.97E-06,0
IPDDI,-0.0056018,0.000933879
IPDPS,0,0.00653593
IPMD,0.431829,0.431826
IPPMIa,-0.431826,-0.431829
IPPMIb,-0.431826,-0.431829
IPPS,0.431829,0.431826
ISETACabcpp,0,0
ISETACtex,0,0
K2L4Aabcpp,0,-1.87E-07
K2L4Aabctex,0,-1.87E-07
KARA1,-0.837984,-0.837987
KARA2,0.278472,0.27847
KAS14,0,-2.86E-05
KAS15,0,-2.86E-05
KDOCT2,0.0241206,0.0241202
KDOPP,0.0241206,0.0241202
KDOPS,0.0241206,0.0241202
KG6PDC,0,0
Kabcpp,0,-0.000104917
Kt2pp,0.183271,0.183008
Kt3pp,0,-0.000157375
Ktex,0.183166,0.183166
L_DASH_LACD2,0,-7.87E-05
L_DASH_LACD3,0,-7.87E-05
L_DASH_LACt2rpp,7.68E-06,0
L_DASH_LACtex,7.68E-06,0
LA4NTpp,0,-9.12E-08
LACZ,0,0
LACZpp,0,0
LADGMDH,0,-3.93E-05
LALADGLUtex,0,0
LALADGLUtpp,0,0
LALALGLUtex,0,0
LALALGLUtpp,0,0
LALDO2x,0,-5.43E-06
LALDO3,0,-7.87E-05
LALGP,0,-3.93E-05
LCADi,5.72E-06,-7.87E-05
LCARR,0,-5.43E-06
LCARS,0,-5.72E-06
LCTSt3ipp,0,-0.000157375
LCTStex,1.65E-06,0
LCTStpp,0,-0.000157375
LDH_D,0.000104917,-8.99E-05
LDH_D2,0,-0.000104917
LEUTAi,0.431829,0.431826
LEUTRS,0,0
LEUabcpp,0,-0.000104917
LEUt2rpp,0.000104917,0
LEUtex,2.79E-06,0
LGTHL,0,-8.99E-05
LIPACabcpp,0,-1.36E-07
LIPAHT2ex,0,0
LIPAHTex,0,0
LIPAMPL,0,0
LIPATPT,0,0
LIPAabcpp,0,-1.41E-07
LIPAabctex,6.99E-06,-1.41E-07
LIPOCT,7.87E-05,2.96E-06
LIPOS,2.96E-06,2.96E-06
LIPOt2pp,0,0
LIPOtex,0,0
LPADSS,0.0080402,0.00804001
LPLIPAL1A120pp,0,-7.87E-05
LPLIPAL1A140pp,0,-7.87E-05
LPLIPAL1A141pp,0.00031475,-0.00031475
LPLIPAL1A160pp,0,-2.62E-05
LPLIPAL1A161pp,0,-2.62E-05
LPLIPAL1A180pp,0,-7.87E-05
LPLIPAL1A181pp,0,-2.62E-05
LPLIPAL1E120pp,0,-6.30E-05
LPLIPAL1E140pp,0,-6.30E-05
LPLIPAL1E141pp,0,-0.00031475
LPLIPAL1E160pp,0,-3.50E-05
LPLIPAL1E161pp,0,-3.50E-05
LPLIPAL1E180pp,0,-6.30E-05
LPLIPAL1E181pp,0,-3.50E-05
LPLIPAL1G120pp,0,-7.87E-05
LPLIPAL1G140pp,0,-7.87E-05
LPLIPAL1G141pp,0,-0.000104917
LPLIPAL1G160pp,0,-2.62E-05
LPLIPAL1G161pp,0,-1.97E-05
LPLIPAL1G180pp,0,-0.000104917
LPLIPAL1G181pp,0,-1.97E-05
LPLIPAL2A120,0,-7.87E-05
LPLIPAL2A140,0,-7.87E-05
LPLIPAL2A141,0,-0.000419667
LPLIPAL2A160,0,-3.93E-05
LPLIPAL2A161,0,-3.93E-05
LPLIPAL2A180,0,-6.99E-05
LPLIPAL2A181,0,-2.62E-05
LPLIPAL2ATE120,0,0
LPLIPAL2ATE140,0,0
LPLIPAL2ATE141,0,0
LPLIPAL2ATE160,0,0
LPLIPAL2ATE161,0,0
LPLIPAL2ATE180,0,0
LPLIPAL2ATE181,0,0
LPLIPAL2ATG120,0,0
LPLIPAL2ATG140,0,0
LPLIPAL2ATG141,0,0
LPLIPAL2ATG160,0,0
LPLIPAL2ATG161,0,0
LPLIPAL2ATG180,0,0
LPLIPAL2ATG181,0,0
LPLIPAL2E120,0,-7.87E-05
LPLIPAL2E140,0.00031475,-7.87E-05
LPLIPAL2E141,0.000157375,-6.30E-05
LPLIPAL2E160,0,-2.42E-05
LPLIPAL2E161,0,-2.42E-05
LPLIPAL2E180,0,-7.87E-05
LPLIPAL2E181,0,-2.42E-05
LPLIPAL2G120,0,-0.000104917
LPLIPAL2G140,0,-0.000104917
LPLIPAL2G141,5.25E-05,-7.87E-05
LPLIPAL2G160,0,-2.62E-05
LPLIPAL2G161,0,-2.62E-05
LPLIPAL2G180,0,-0.00031475
LPLIPAL2G181,0,-2.62E-05
LSERDHr,0,-6.30E-05
LYSDC,0,-2.67E-06
LYSTRS,0,0
LYSabcpp,0,-0.000104917
LYSt2pp,0,-0.000157375
LYSt3pp,0,-0.000157375
LYStex,2.67E-06,0
LYXI,0,0
LYXt2pp,0,0
LYXtex,0,0
M1PD,0,0
MACPD,0,-7.87E-05
MALCOAMT,1.97E-06,1.97E-06
MALDDH,0,0
MALDt2_2pp,0,0
MALDtex,0,0
MALS,0.000984791,0.000565124
MALTATr,0,0
MALTHXabcpp,0,0
MALTHXtexi,0,0
MALTPTabcpp,0,0
MALTPTtexi,0,0
MALTTRabcpp,0,0
MALTTRtexi,0,0
MALTTTRabcpp,0,0
MALTTTRtexi,0,0
MALTabcpp,0,0
MALTptspp,0,0
MALTtexi,0,0
MALt2_2pp,0,-0.000104917
MALt2_3pp,0,-0.00031475
MALt3pp,0,-0.000104917
MALtex,6.56E-06,0
MAN1PT2,0,-7.87E-05
MAN6PI,0,0
MAN6Pt6_2pp,0,0
MAN6Ptex,0,0
MANAO,0,0
MANGLYCptspp,0,0
MANGLYCtex,0,0
MANPGH,0,0
MANptspp,0,0
MANtex,0,0
MCITD,6.46E-07,-3.93E-05
MCITL2,6.46E-07,-3.93E-05
MCITS,6.46E-07,-3.93E-05
MCOATA,0.0327942,0.03185
MCPST,0,0
MCTP1App,0.00612809,0.0111212
MCTP1Bpp,0.00148409,0.00132257
MCTP2App,0.000663851,0.000506476
MDDCP1pp,0.00558377,0.0105244
MDDCP2pp,0.000663851,0.000506476
MDDCP3pp,0,0.00522916
MDDCP4pp,0,0.00522916
MDDCP5pp,0,-0.000157375
MDDEP1pp,0,0.00522916
MDDEP2pp,0,-0.000157375
MDDEP3pp,0,0.00522916
MDDEP4pp,0,-0.000157375
MDH,4.91055,4.9102
MDH2,0,-0.000104917
MDH3,0,-0.000104917
ME1,0,-7.87E-05
ME2,0,-0.000104917
MECDPDH5,0.00653593,0.00653593
MECDPS,0.00653593,0.00653593
MELIBt2pp,1.65E-06,-0.000157375
MELIBt3ipp,0,-0.000157375
MELIBtex,1.65E-06,0
MEOHtex,-1.97E-06,-1.97E-06
MEOHtrpp,-1.97E-06,-1.97E-06
MEPCT,0.00653593,0.00653593
METAT,0.00842391,0.00842049
METDabcpp,0,0
METDtex,0,0
METOX1s,0,-2.10E-05
METOX2s,0,-2.10E-05
METS,0.155506,0.155505
METSOX1abcpp,0,0
METSOX1tex,0,0
METSOX2abcpp,0,0
METSOX2tex,0,0
METSOXR1,0,-2.10E-05
METSOXR2,0,-2.10E-05
METTRS,0,0
METabcpp,0,0
METtex,0,0
MG2t3_2pp,0.00829818,0.00814081
MG2tex,0.00814081,0.00814081
MG2tpp,0,-0.000157375
MG2uabcpp,0,-5.25E-05
MGSA,0,-3.93E-05
MI1PP,0,0
MICITDr,6.46E-07,-3.93E-05
MINCYCtex,0,-0.00031475
MINCYCtpp,0,-0.00031475
MINOHPtexi,0,0
MLDCP1App,0.000596776,0.000439401
MLDCP1Bpp,0,-7.87E-05
MLDCP2App,0,-0.000157375
MLDCP2Bpp,4.20E-06,-0.000157375
MLDCP3App,0.00148409,0.00131797
MLDEP1pp,0.00148409,0.00131797
MLDEP2pp,0,-0.000157375
MLTG1,5.32E-07,0
MLTG2,5.35E-07,-7.87E-05
MLTG3,0,-7.87E-05
MLTG4,0,-7.87E-05
MLTG5,0,-7.87E-05
MLTGY1pp,0,-0.000104917
MLTGY2pp,0,-4.20E-06
MLTGY3pp,0,-7.87E-05
MLTGY4pp,0,-0.000157375
MLTP1,7.87E-05,0
MLTP2,7.87E-05,0
MLTP3,7.87E-05,0
MMCD,0,-3.93E-05
MMETt2pp,0,0
MMETtex,0,0
MMM,0,-3.93E-05
MN2t3pp,0,-0.00031475
MN2tpp,0.000963805,0.000334305
MN6PP,0,-7.87E-05
MNLptspp,0,0
MNLtex,0,0
MNNH,0,0
MNt2pp,0,-0.00031475
MNtex,0.000649055,0.000649022
MOADSUx,0.000485312,0.000485312
MOAT,0.0080402,0.00804001
MOAT2,0.0080402,0.00804001
MOAT3C,0.0080402,0.0080401
MOBDabcpp,0.000135138,0.0233811
MOBDtex,0.000135138,0.0233811
MOCDS,6.90E-06,6.90E-06
MOCOS,0.000128233,0.00528086
MOGDS,6.90E-06,6.90E-06
MOHMT,0.00056817,0.00056817
MOX,0.00151027,0.00131058
MPTAT,0.000242656,-0.000110341
MPTG,0.0132691,0.0132648
MPTG2,0.000663851,0.000454018
MPTS,0.000242656,0.000242655
MPTSS,0.000485312,0.000485312
MSAR,0,-4.20E-06
MSO3abcpp,0,0
MSO3tex,0,0
MTAN,0.00665232,0.00665139
MTHFC,0.946763,0.945924
MTHFD,0.946763,0.945924
MTHFR2,0.155726,0.155725
MTHTHFSs,0.00132178,0.00131836
MTRPOX,0,0
N2Otex,0,0
N2Otpp,0,0
NACODA,0,-7.87E-05
NACtex,0,0
NACtpp,0,0
NADDP,0,-7.87E-05
NADH10,0,-0.000104917
NADH16pp,0,31.0692
NADH17pp,0,31.0692
NADH18pp,0,31.0692
NADH5,0,-0.000104917
NADH9,0,-0.000104917
NADK,0.000440923,0.000362236
NADN,0,-1.97E-05
NADPHQR2,0,-7.87E-05
NADPHQR3,0,-7.87E-05
NADPHQR4,0,-7.87E-05
NADPPPS,0,-7.87E-05
NADS1,0.00224802,0.00216933
NADTRHD,0,-0.00031475
NAMNPP,0,-2.62E-05
NAt3_1p5pp,0,-0.00031475
NAt3_2pp,0,-0.00031475
NAt3pp,0,1000
NAtex,0,0
NDPK1,-999.261,1000
NDPK2,0.394147,0.394068
NDPK3,0.136617,0.136145
NDPK4,0.032508,0.0324293
NDPK5,0.0252638,0.0251851
NDPK6,0.0245465,0.0243629
NDPK7,0.0252638,0.0251851
NDPK8,0.0244678,0.0243891
NH4tex,10.3636,10.3633
NH4tpp,10.3636,10.3633
NHFRBO,0,0
NI2abcpp,0,-7.87E-05
NI2t3pp,0,-0.00031475
NI2tex,0.000302827,0.000302827
NI2tpp,0.000381514,-1.19E-05
NI2uabcpp,0,-7.87E-05
NMNAT,7.87E-05,-7.87E-05
NMNDA,0,-7.87E-05
NMNN,7.87E-05,-2.62E-05
NMNPtpp,0,0
NMNt7pp,0,0
NMNtex,0,0
NNAM,0,-2.62E-05
NNATr,0.00224802,0.00216933
NNDMBRT,0,0
NNDPR,0.00224802,0.00224802
NO2t2rpp,0,0
NO2tex,0,0
NO3R1bpp,0,0
NO3R1pp,0,0
NO3R2bpp,0,0
NO3R2pp,0,0
NO3t7pp,0,0
NO3tex,0,0
NODOx,0,0
NODOy,0,0
NOVBCNtex,0,-0.00031475
NOVBCNtpp,0,-0.00031475
NOtex,0,0
NOtpp,0,0
NTD1,0,-7.87E-05
NTD10,0,-7.87E-05
NTD10pp,0,0
NTD11,0,-7.87E-05
NTD11pp,0,0
NTD12,0,-2.42E-05
NTD12pp,0,0
NTD1pp,0,0
NTD2,0,-7.87E-05
NTD2pp,0,0
NTD3,0,-3.93E-05
NTD3pp,0,0
NTD4,0,-7.87E-05
NTD4pp,0,0
NTD5,0,-7.87E-05
NTD5pp,0,0
NTD6,0,-7.87E-05
NTD6pp,0,0
NTD7,0,-7.87E-05
NTD7pp,0,0
NTD8,0,-7.87E-05
NTD8pp,0,0
NTD9,0,-7.87E-05
NTD9pp,0,0
NTP1,0,-7.87E-05
NTP10,0,-7.87E-05
NTP11,0,0
NTP12,0,0
NTP3,0,-7.87E-05
NTP3pp,0,0
NTP5,0,-7.87E-05
NTPP1,0,-7.87E-05
NTPP10,0,-2.42E-05
NTPP11,0,-2.62E-05
NTPP2,0,-7.87E-05
NTPP3,0,-7.87E-05
NTPP4,0,-7.87E-05
NTPP5,0,-7.87E-05
NTPP6,0,-7.87E-05
NTPP7,0,-7.87E-05
NTPP8,0,-7.87E-05
NTPP9,0,-3.50E-05
NTPTP1,0,-7.87E-05
NTPTP2,0,-7.87E-05
NTRIR2x,0,0
NTRIR3pp,0,0
NTRIR4pp,0,0
O16A4COLIPAabctex,0,0
O16A4Lpp,0,0
O16AP1pp,0,0
O16AP2pp,0,0
O16AP3pp,0,0
O16AT,0,0
O16AUNDtpp,0,0
O16GALFT,0,0
O16GLCT1,0,0
O16GLCT2,0,0
O2Stex,0,0
O2tex,17.6543,18
O2tpp,17.6543,17.6542
OAADC,0,-7.87E-05
OBTFL,0,-1.61E-05
OCBT,0.283513,0.283484
OCDCAtexi,0,0
OCDCEAtexi,0,0
OCTAtex,0,0
OCTDPS,0.000659906,0.000659906
OCTNLL,0,-7.57E-05
OGMEACPD,1.97E-06,1.97E-06
OGMEACPR,1.97E-06,1.97E-06
OGMEACPS,1.97E-06,1.97E-06
OHPBAT,0.000219969,5.69E-05
OHPHM,0.000219969,0.000219969
OMBZLM,0.000219969,0.000219969
OMCDC,0.431829,0.431826
OMMBLHX,0.000534719,0.000219969
OMMBLHX3,0,-0.00031475
OMPDC,0.31597,0.315964
OMPHHX,0.000534719,0.000219969
OMPHHX3,0,-0.00031475
OP4ENH,0,0
OPHBDC,0.000219969,0.000219968
OPHHX,0.000534719,0.000139762
OPHHX3,0,-0.00031475
OPMEACPD,1.97E-06,1.97E-06
OPMEACPR,1.97E-06,1.97E-06
OPMEACPS,1.97E-06,1.97E-06
ORNDC,0.0394987,0.0394351
ORNabcpp,0,-0.000104917
ORNtex,3.31E-06,0
OROTt2_2pp,0,0
OROTtex,0,0
ORPT,-0.315964,-0.31597
OXAMTC,0,-3.50E-05
OXCDC,0,0
OXCOAHDH,0,0
OXDHCOAT,0,0
P5CD,0,-6.30E-05
P5CR,0.21188,0.211565
PA120abcpp,0.000104917,-7.87E-05
PA140abcpp,0,-3.93E-05
PA141abcpp,0.00031475,-0.00031475
PA160abcpp,0.000104917,-3.50E-05
PA161abcpp,0,-3.50E-05
PA180abcpp,0,-3.50E-05
PA181abcpp,0,-3.50E-05
PACALDt2rpp,0,0
PACALDtex,0,0
PACCOAE,0,0
PACCOAL,0,0
PANTS,0.00056817,0.00056817
PAPA120,6.30E-05,-7.87E-05
PAPA120pp,0,-3.50E-05
PAPA140,0,-7.87E-05
PAPA140pp,0,-3.50E-05
PAPA141,0,-7.87E-05
PAPA141pp,0,-3.50E-05
PAPA160,6.30E-05,-7.87E-05
PAPA160pp,0,-3.50E-05
PAPA161,0,-7.87E-05
PAPA161pp,0,-3.50E-05
PAPA180,0,-7.87E-05
PAPA180pp,0,-7.87E-05
PAPA181,6.30E-05,-7.87E-05
PAPA181pp,3.93E-05,-3.50E-05
PAPPT3,0.0272021,0.0271937
PAPSR,0,0.244429
PAPSR2,0,0.244429
PDE1,0,-7.87E-05
PDE4,0,-7.87E-05
PDH,7.92959,7.92902
PDX5PO2,0,0.000219968
PDX5POi,0,0.000219968
PDX5PS,0.000219969,0.00982636
PDXPP,0,-7.87E-05
PE120abcpp,0,-0.000104917
PE140abcpp,0,-2.62E-05
PE141abcpp,0,-6.30E-05
PE160abcpp,0.0313657,0.0313395
PE161abcpp,0.0243958,0.0243696
PE180abcpp,0,-0.00031475
PE181abcpp,0.0125737,0.0125475
PEAMNOpp,0,0
PEAMNtex,0,0
PERD,0.000219969,0.0111167
PETNT161pp,0,-1.38E-07
PETNT181pp,0,-1.38E-07
PFK,0,7.63001
PFK_2,0,0
PFK_3,0,7.63001
PFL,0,-0.000209833
PG120abcpp,0.00031475,-0.000104917
PG140abcpp,0.00031475,-2.62E-05
PG141abcpp,0.00031475,-5.25E-05
PG160abcpp,0.0109482,0.0105885
PG161abcpp,0.00858576,0.00822605
PG180abcpp,0.00031475,-0.000209833
PG181abcpp,0.00457701,0.00423603
PGAMT,-0.0704678,-0.0704846
PGCD,1.61928,1.61865
PGI,5.83467,5.83417
PGK,-15.9281,-15.9282
PGL,3.97354,3.97316
PGLYCP,0,0
PGM,-14.3091,-14.3095
PGMT,-0.19219,-0.192295
PGP120abcpp,0,-0.00031475
PGP140abcpp,0,-0.00031475
PGP141abcpp,0,-0.00031475
PGP160abcpp,0,-0.00031475
PGP161abcpp,0,-0.00031475
PGP180abcpp,0,-0.00031475
PGP181abcpp,0,-0.00031475
PGPP120,0,-2.62E-05
PGPP120pp,0,-0.00031475
PGPP140,0,-0.000104917
PGPP140pp,0,-0.00031475
PGPP141,0.00031475,-0.000104917
PGPP141pp,0,-0.00031475
PGPP160,0.0165776,0.0162366
PGPP160pp,0,-0.00031475
PGPP161,0.0129644,0.0126047
PGPP161pp,0,-0.00031475
PGPP180,0,-1.97E-05
PGPP180pp,0,-0.00031475
PGPP181,0.00683391,0.00649293
PGPP181pp,0,-0.00031475
PGSA120,0,-0.000104917
PGSA140,0,-1.97E-05
PGSA141,0,-0.00031475
PGSA160,0.0162629,0.0162179
PGSA161,0.0126497,0.0126234
PGSA180,0,-2.62E-05
PGSA181,0.00651916,0.00649293
PHEMEabcpp,0,-4.74E-07
PHEMEtiex,0,-4.74E-07
PHETA1,-0.177571,-0.177573
PHETRS,0,0
PHEt2rpp,1.85E-06,0
PHEtex,1.85E-06,0
PHYTSpp,0,0
PIt2rpp,0.914904,0.914275
PItex,0.91459,0.914527
PIuabcpp,0,-0.000104917
PLIPA1A120pp,0.000104917,-2.62E-05
PLIPA1A140pp,0,-0.00031475
PLIPA1A141pp,0,-0.00031475
PLIPA1A160pp,0,-3.93E-05
PLIPA1A161pp,0,-3.93E-05
PLIPA1A180pp,0,-6.99E-05
PLIPA1A181pp,0,-2.62E-05
PLIPA1E120pp,0,-0.000157375
PLIPA1E140pp,7.87E-05,-7.87E-05
PLIPA1E141pp,0,-7.87E-05
PLIPA1E160pp,0,-5.25E-05
PLIPA1E161pp,0,-2.62E-05
PLIPA1E180pp,0.00031475,-0.000209833
PLIPA1E181pp,0,-2.62E-05
PLIPA1G120pp,0,-7.87E-05
PLIPA1G140pp,0,-2.62E-05
PLIPA1G141pp,0,-0.00031475
PLIPA1G160pp,0,-2.62E-05
PLIPA1G161pp,0,-2.62E-05
PLIPA1G180pp,0.000209833,-0.0001259
PLIPA1G181pp,0,-2.62E-05
PLIPA2A120pp,0,-0.00031475
PLIPA2A140pp,0,-7.87E-05
PLIPA2A141pp,0,-7.87E-05
PLIPA2A160pp,0,-2.62E-05
PLIPA2A161pp,0,-2.62E-05
PLIPA2A180pp,0,-1.97E-05
PLIPA2A181pp,3.93E-05,-2.62E-05
PLIPA2E120pp,0.000157375,-6.30E-05
PLIPA2E140pp,0,-6.30E-05
PLIPA2E141pp,0.00031475,-4.50E-05
PLIPA2E160pp,0,-1.75E-05
PLIPA2E161pp,0,-3.50E-05
PLIPA2E180pp,0,-6.30E-05
PLIPA2E181pp,0,-1.75E-05
PLIPA2G120pp,0,-0.00031475
PLIPA2G140pp,0,-7.87E-05
PLIPA2G141pp,0,-0.000104917
PLIPA2G160pp,0,-2.62E-05
PLIPA2G161pp,0,-1.97E-05
PLIPA2G180pp,0,-0.000104917
PLIPA2G181pp,0,-1.97E-05
PMANM,7.87E-05,-7.87E-05
PMDPHT,0.000439937,0.000439937
PMEACPE,1.97E-06,1.97E-06
PMPK,0.000219969,0.000141281
PNTK,0.00056817,0.00056817
PNTOt4pp,0,0
PNTOtex,0,0
POAACR,0,-4.20E-06
POR5,0.00685068,0.00653376
POX,0,-4.50E-05
PPA,0,-7.87E-05
PPA2,0,-7.87E-05
PPAKr,0,1000
PPALtex,0,0
PPALtpp,0,0
PPAt4pp,0,0
PPAtex,0,0
PPBNGS,0.00263962,0.00263773
PPC,2.8857,2.88528
PPCDC,0.00056817,0.00056817
PPCK,0,-7.87E-05
PPCSCT,0,996.598
PPGPPDP,0,-7.87E-05
PPK2r,-0.000141281,-0.000298656
PPKr,-1000,-3.53762
PPM,-1000,-7.87E-05
PPM2,0,-0.000104917
PPNCL2,0.00056817,0.00056817
PPND,0.132389,0.132387
PPNDH,0.177573,0.177571
PPPGO,0,-2.62E-05
PPPGO3,0.000466166,0.000439463
PPPNDO,0,0
PPPNt2rpp,0,0
PPPNtex,0,0
PPS,0,-7.87E-05
PPTHpp,0,0
PPTtex,0,0
PRAGSr,0.429194,0.429185
PRAIS,0.429194,0.429185
PRAIi,0.0544831,0.0544812
PRAMPC,0.0908046,0.0908016
PRASCSi,0.428974,0.428965
PRATPP,0.0908046,0.0908016
PRFGS,0.429194,0.429185
PRMICI,0.0908046,0.0908016
PROD2,0,-0.00031475
PROGLYabcpp,0,0
PROGLYtex,0,0
PROTRS,0,0
PROabcpp,0,-0.000104917
PROt2rpp,-1000,0
PROt4pp,0,1000
PROtex,3.46E-06,0
PRPPS,-999.099,0.900823
PSCLYSt2pp,0,0
PSCLYStex,0,0
PSCVT,0.366864,0.366862
PSD120,0.000104917,-7.87E-05
PSD140,7.87E-05,-0.00031475
PSD141,7.87E-05,-6.30E-05
PSD160,0.0435636,0.0435394
PSD161,0.033883,0.0338588
PSD180,0,-6.30E-05
PSD181,0.0174633,0.0174319
PSERT,1.61907,1.61865
PSERtex,0,0
PSP_L,1.61907,1.61865
PSP_Lpp,0,0
PSSA120,0.00031475,-7.87E-05
PSSA140,2.86E-05,-7.87E-05
PSSA141,0,-6.30E-05
PSSA160,0.0435636,0.0435394
PSSA161,0.0341978,0.0338588
PSSA180,0,-6.30E-05
PSSA181,0.0174633,0.0174391
PTA2,0,1000
PTAr,-0.58345,995.879
PTHRpp,0,0
PTPATi,0.00056817,0.00056817
PTRCORNt7pp,0.000157375,-0.000104917
PTRCTA,0,-2.62E-05
PTRCabcpp,0,-0.000104917
PTRCt2pp,0.000104917,-0.000157375
PTRCtex,3.35E-06,0
PUNP1,-0.00812328,-7.87E-05
PUNP2,0.00031475,-7.87E-05
PUNP3,7.87E-05,-7.87E-05
PUNP4,0,-7.87E-05
PUNP5,0.00031475,-7.87E-05
PUNP6,0,-6.30E-05
PUNP7,7.87E-05,-7.87E-05
PYAM5PO,0,-0.00031475
PYDAMK,0,-7.87E-05
PYDAMtex,0,0
PYDAMtpp,0,0
PYDXK,0,-7.87E-05
PYDXNK,0,-7.87E-05
PYDXNtex,0,0
PYDXNtpp,0,0
PYDXPP,0,-7.87E-05
PYDXtex,0,0
PYDXtpp,0,0
PYK,0,0.638431
PYNP2r,7.87E-05,-7.87E-05
PYROX,0,-4.20E-06
PYRt2rpp,8.51E-06,0
PYRtex,8.51E-06,0
QMO2,0,0
QMO3,0,0
QUIN2tex,2.71E-06,0
QUIN2tpp,2.71E-06,0
QUINDH,2.71E-06,0
QULNS,0.00224802,0.00224802
R15BPK,0,1000
R1PK,0,1000
R5PP,0,-7.87E-05
R5PPpp,0,0
R5Ptex,0,0
RBFK,0.000219969,-0.00141149
RBFSa,0.000879874,0.000879874
RBFSb,0.000439937,0.000439937
RBK,0,-7.87E-05
RBK_L1,3.98E-06,0
RBP4E,4.25E-06,0
REPHACCOAI,0,0
RFAMPtex,0,-0.00031475
RFAMPtpp,0,-0.00031475
RHAT1,0.0080402,0.0080401
RHCCE,0.00132178,0.00131836
RIBabcpp,0,0
RIBtex,0,0
RMI,0,0
RMK,0,0
RMNtex,0,0
RMNtpp,0,0
RMPA,0,0
RNDR1,0.0244678,0.0243891
RNDR1b,0,0
RNDR2,0.0252638,0.0251851
RNDR2b,0,0
RNDR3,0.0252638,0.0252245
RNDR3b,0,0
RNDR4,0.0245465,0.0243629
RNDR4b,0,0
RNTR1c2,0,0
RNTR2c2,0,0
RNTR3c2,0,0
RNTR4c2,0,0
RPE,1.89868,1.89842
RPI,-2.04971,-2.04986
RZ5PP,0,0
S2FE2SR,0,-0.000157375
S2FE2SS,0,-7.87E-05
S2FE2SS2,0,-7.87E-05
S2FE2ST,0,-7.87E-05
S4FE4SR,0,-7.87E-05
S4FE4ST,0,-7.87E-05
S7PI,0.0321608,0.0321604
SADH,0,-1.43E-05
SADT2,0.244492,0.244429
SARCOX,0,0
SBTPD,0,0
SBTptspp,0,0
SBTtex,0,0
SCYSDS,0,-0.000157375
SDPDS,0.356119,0.356116
SDPTA,-0.356116,-0.356119
SELCYSS,0,0
SELGTHR,0,0
SELGTHR2,0,0
SELGTHR3,0,0
SELNPS,0,0
SELR,0,0
SELtex,0,0
SELtpp,0,0
SEPHCHCS,0.000439937,0.000439937
SERASr,0.000659906,0.000604361
SERAT,0.244492,0.244457
SERD_D,0,-6.30E-05
SERD_L,0,-6.30E-05
SERTRS,0,0
SERTRS2,0,0
SERt2rpp,-1000,0
SERt4pp,0,1000
SERtex,7.49E-06,0
SFGTHi,0,0
SGDS,0,-1.43E-05
SGSAD,0,-1.43E-05
SHCHCS3,0.000439937,0.000439937
SHCHD2,0.000219969,0.0208445
SHCHF,0.000219969,0.000116668
SHK3Dr,0.366864,0.366861
SHKK,0.366864,0.366862
SHSL1,0.154184,0.154183
SKMt2pp,0,0
SKMtex,0,0
SLNTtex,0,0
SLNTtpp,0,0
SO2tex,0,0
SO2tpp,0,0
SO3tex,0,0
SO4t2pp,0.248666,0.248499
SO4tex,0.248561,0.248499
SOTA,0,-1.43E-05
SPMDAT1,0,0
SPMDAT2,0,0
SPMDabcpp,0,-6.30E-05
SPMDt3pp,0,-6.30E-05
SPMDtex,9.35E-07,0
SPMS,0.00665232,0.00665139
SPODM,0,0
SPODMpp,0,0
SSALx,0,-0.00031475
SSALy,0.00031475,-0.000104917
SUCASPtpp,0,0
SUCBZL,0.000439937,0.000439937
SUCBZS,0.000439937,0.000439937
SUCCt2_2pp,0.00031475,-0.000104917
SUCCt2_3pp,0,-0.00031475
SUCCt3pp,0,-0.000104917
SUCCtex,6.05E-06,0
SUCDi,3.91348,35.2992
SUCFUMtpp,0,0
SUCMALtpp,0,0
SUCOAS,-1000,-3.40192
SUCRtex,0,0
SUCTARTtpp,0,0
SUCptspp,0,0
SULFACabcpp,0,0
SULFACtex,0,0
SULRi,0.244492,0.244484
SULabcpp,0,-0.000104917
T2DECAI,0,-3.15E-05
TAGURr,0,0
TALA,-6.51333,1.11667
TARTD,0,0
TARTRDtex,0,0
TARTRt7pp,0,0
TARTRtex,0,0
TARTt2_3pp,0,0
TAUDO,0,0
TAURabcpp,0,0
TAURtex,0,0
TCYNTtex,0,0
TDP,0,-7.87E-05
TDPADGAT,0,-2.54E-07
TDPAGTA,0,-2.54E-07
TDPDRE,0.0080402,0.0080401
TDPDRR,0.0080402,0.0080401
TDPGDH,0.0080402,0.00803988
TDSK,0.0080402,0.00804001
TDSR1,0,0
TDSR2,0,0
TGBPA,0,0
THD2pp,0,-0.00031475
THDPS,0.356119,0.356116
THFAT,0,1000
THIORDXi,0,-2.10E-05
THMDt2pp,0,1000
THMDt2rpp,-1000,0
THMDtex,1.84E-06,0
THMabcpp,0,0
THMtex,0,0
THRA2i,0,-0.00031475
THRAi,0,-2.74E-05
THRD,0,-2.74E-05
THRD_L,0.278472,0.278445
THRPtex,0,0
THRS,0.521631,0.521604
THRTRS,0,0
THRabcpp,0,-0.000104917
THRt2pp,0,-0.000157375
THRt2rpp,-1000,-0.000157375
THRt4pp,0,1000
THRtex,4.31E-06,0
THYMt3pp,0,-3.86E-06
THYMtex,4.06E-06,0
THZPSN3,0.000219969,0.000219376
TKT1,1.14896,1.14883
TKT2,0.749716,0.74959
TMAOR1,0,0
TMAOR1pp,0,0
TMAOR2,0,0
TMAOR2pp,0,0
TMAOtex,0,0
TMAtex,0,0
TMDK1,0,-7.87E-05
TMDPP,0,-4.06E-06
TMDS,0.0244678,0.0244637
TMK,0,0
TMPK,0.000219969,0.000141281
TMPPP,0.000219969,0.000219376
TPI,7.46869,7.4685
TPRDCOAS,0,0
TRDR,0.0994633,0.34385
TRE6PH,7.87E-05,-7.87E-05
TRE6PP,0,-7.87E-05
TRE6PS,0,-7.87E-05
TREH,0,-7.87E-05
TREHpp,0,0
TREptspp,0,0
TREtex,0,0
TRPAS2,-0.0544816,-0.0545461
TRPS1,0,-6.30E-05
TRPS2,0,-6.30E-05
TRPS3,0.0545461,0.0544812
TRPTRS,0,0
TRPt2rpp,1.55E-06,0
TRPtex,1.55E-06,0
TRSARr,-1000,-5.25E-05
TSULabcpp,0,0
TSULtex,0,0
TTDCAtexi,0,0
TTDCEAtexi,0,0
TTRCYCtex,0,-0.00031475
TTRCYCtpp,0,-0.00031475
TUNGSabcpp,0,0
TUNGStex,0,0
TYMtex,0,0
TYRL,0.000219969,0.000219376
TYROXDApp,0,0
TYRPpp,0,0
TYRPtex,0,0
TYRTA,-0.132387,-0.132389
TYRTRS,0,0
TYRt2rpp,1.93E-06,0
TYRtex,1.93E-06,0
ThDPAT,0,0
U23GAAT,0.0160804,0.01608
UAAGDS,0.0272021,0.0271628
UACGALPpp,0,0
UACGAMPpp,0,0
UACGAMtex,0,0
UACMAMO,0,-2.54E-07
UAG2E,0,-2.54E-07
UAGAAT,0.0160804,0.01608
UAGCVT,0.0272021,0.0271937
UAGDP,0.0704846,0.0704678
UAGPT3,0.0272021,0.0271937
UAMAGS,0.0272021,0.0271628
UAMAS,0.0272021,0.0271628
UAPGR,0.0272021,0.0271938
UDCPDP,0.0272021,0.0271934
UDCPDPS,5.43E-05,5.41E-05
UDCPDPpp,9.37E-08,-2.54E-07
UDCPPtppi,2.48E-07,-2.54E-07
UDPACGALtex,0,0
UDPG4E,0,-3.31E-06
UDPGALM,0,0
UDPGALPpp,0,0
UDPGALtex,0,0
UDPGD,0,-9.12E-08
UDPGDC,0,-9.12E-08
UDPGLCURtex,0,0
UDPGPpp,0,0
UDPGtex,0,0
UDPKAAT,0,-9.12E-08
UGLCURPpp,0,0
UGLT,3.31E-06,0
UGLYCH,3.50E-05,-9.40E-06
UGMDDS,0.0272021,0.0271937
UHGADA,0.0160804,0.01608
ULA4NFT,0,-9.12E-08
ULA4Ntppi,0,-9.12E-08
UM3PL,3.93E-05,-8.74E-06
UM4PCP,0,-0.000104917
UM4PL,0,-8.28E-06
UMPK,0.351291,0.351133
UMPtex,0,0
UPLA4FNF,0,-9.12E-08
UPLA4FNT,0,-9.12E-08
UPP3MT,0.000219969,0.000116668
UPP3S,0.000659906,0.000659432
UPPDC1,0.000439937,0.000439463
UPPRT,0,-7.87E-05
URACPAH,0,-4.20E-06
URAt2pp,0,1000
URAt2rpp,-1000,0
URAtex,5.83E-06,0
URDGLYCD,0,-3.50E-05
UREAtex,2.86E-05,-3.35E-06
UREAtpp,2.86E-05,-3.35E-06
URIC,0,-9.40E-06
URIH,0,-7.87E-05
URIK2,0,-7.87E-05
URIt2pp,0,1000
URIt2rpp,-1000,0
URItex,2.35E-06,0
USHD,0.0080402,0.00804001
VALTA,-1000,999.053
VALTRS,0,0
VALabcpp,0,-0.000104917
VALt2rpp,0.000104917,0
VALtex,3.50E-06,0
VPAMTr,-999.594,999.458
WCOS,0,0
X5PL3E,0,0
XAND,0,-9.40E-06
XANt2pp,0,-0.00031475
XANtex,4.53E-06,0
XANtpp,0.00031475,0
XMPtex,0,0
XPPT,9.40E-06,-7.87E-05
XTSNH,0,-7.87E-05
XTSNt2rpp,2.06E-06,0
XTSNtex,2.06E-06,0
XYLI1,0,0
XYLI2,0.000104917,-0.00031475
XYLK,0,0
XYLK2,0,0
XYLUt2pp,0,0
XYLUtex,0,0
XYLabcpp,0,0
XYLt2pp,0,0
XYLtex,0,0
ZN2abcpp,0,-7.87E-05
ZN2t3pp,0,-0.00031475
ZN2tpp,0.000398283,4.85E-06
ZNabcpp,0,-7.87E-05
Zn2tex,0.000319596,0.0106649